"","Rank","Player","Team","Bye","POS","ESPN","Sleeper","NFL","RTSports","FFC","AVG","Name","Position","ADP"
"1",1,"Christian McCaffrey","SF","9","RB1",1,"1",1,1,NA,1,"Christian McCaffrey","RB",1
"2",2,"Tyreek Hill","MIA","6","WR1",2,"2",3,2,NA,2.2,"Tyreek Hill","WR",2.2
"3",3,"CeeDee Lamb","DAL","7","WR2",3,"3",2,3,NA,3,"CeeDee Lamb","WR",3
"4",4,"Breece Hall","NYJ","12","RB2",4,"8",7,4,NA,5.2,"Breece Hall","RB",5.2
"5",5,"Bijan Robinson","ATL","12","RB3",5,"6",8,5,NA,5.8,"Bijan Robinson","RB",5.8
"6",6,"Ja'Marr Chase","CIN","12","WR3",7,"5",4,8,NA,6.4,"Ja'Marr Chase","WR",6.4
"7",7,"Justin Jefferson","MIN","6","WR4",8,"4",5,6,NA,6.6,"Justin Jefferson","WR",6.6
"8",8,"Amon-Ra St. Brown","DET","5","WR5",6,"7",6,7,NA,6.6,"Amon-Ra St. Brown","WR",6.6
"9",9,"Saquon Barkley","PHI","5","RB4",11,"11",10,9,NA,9.4,"Saquon Barkley","RB",9.4
"10",10,"A.J. Brown","PHI","5","WR6",10,"9",9,11,NA,10,"A.J. Brown","WR",10
"11",11,"Jonathan Taylor","IND","14","RB5",9,"13",12,10,NA,10.6,"Jonathan Taylor","RB",10.6
"12",12,"Garrett Wilson","NYJ","12","WR7",12,"10",14,13,NA,12.6,"Garrett Wilson","WR",12.6
"13",13,"Jahmyr Gibbs","DET","5","RB6",14,"12",13,12,NA,12.6,"Jahmyr Gibbs","RB",12.6
"14",14,"Puka Nacua","LAR","6","WR8",13,"16",11,14,NA,14,"Puka Nacua","WR",14
"15",15,"Kyren Williams","LAR","6","RB7",15,"15",18,16,NA,15.4,"Kyren Williams","RB",15.4
"16",16,"Marvin Harrison Jr.","ARI","11","WR9",21,"14",15,17,NA,17.2,"Marvin Harrison Jr.","WR",17.2
"17",17,"Derrick Henry","BAL","14","RB8",17,"20",16,18,NA,17.2,"Derrick Henry","RB",17.2
"18",18,"Travis Etienne Jr.","JAC","12","RB9",18,"18",20,15,NA,17.6,"Travis Etienne Jr.","RB",17.6
"19",19,"Davante Adams","LV","10","WR10",22,"17",17,20,NA,20.8,"Davante Adams","WR",20.8
"20",20,"Isiah Pacheco","KC","6","RB10",16,"28",19,21,NA,21,"Isiah Pacheco","RB",21
"21",21,"Travis Kelce","KC","6","TE1",20,"21",23,33,NA,24,"Travis Kelce","TE",24
"22",22,"Josh Allen","BUF","12","QB1",25,"22",26,32,NA,25,"Josh Allen","QB",25
"23",23,"Chris Olave","NO","12","WR11",19,"23",28,27,NA,25.6,"Chris Olave","WR",25.6
"24",24,"De'Von Achane","MIA","6","RB11",31,"25",30,19,NA,26,"De'Von Achane","RB",26
"25",25,"Drake London","ATL","12","WR12",32,"19",22,24,NA,26.2,"Drake London","WR",26.2
"26",26,"Patrick Mahomes II","KC","6","QB2",23,"30",24,43,NA,28.8,"Patrick Mahomes II","QB",28.8
"27",27,"Sam LaPorta","DET","5","TE2",27,"24",31,30,NA,29.4,"Sam LaPorta","TE",29.4
"28",28,"Josh Jacobs","GB","10","RB12",39,"27",38,22,NA,30.4,"Josh Jacobs","RB",30.4
"29",29,"James Cook","BUF","12","RB13",29,"41",40,26,NA,30.8,"James Cook","RB",30.8
"30",30,"Nico Collins","HOU","14","WR13",33,"31",33,28,NA,31,"Nico Collins","WR",31
"31",31,"Deebo Samuel Sr.","SF","9","WR14",42,"33",29,23,NA,31.8,"Deebo Samuel Sr.","WR",31.8
"32",32,"Jalen Hurts","PHI","5","QB3",28,"35",35,41,NA,32.2,"Jalen Hurts","QB",32.2
"33",33,"Mike Evans","TB","11","WR15",30,"29",25,42,NA,32.6,"Mike Evans","WR",32.6
"34",34,"Rachaad White","TB","11","RB14",37,"38",32,29,NA,33,"Rachaad White","RB",33
"35",35,"Michael Pittman Jr.","IND","14","WR16",24,"40",34,25,NA,34.2,"Michael Pittman Jr.","WR",34.2
"36",36,"Brandon Aiyuk","SF","9","WR17",40,"26",21,45,NA,34.6,"Brandon Aiyuk","WR",34.6
"37",37,"Cooper Kupp","LAR","6","WR18",43,"39",27,31,NA,34.6,"Cooper Kupp","WR",34.6
"38",38,"Joe Mixon","HOU","14","RB15",26,"47",47,36,NA,36.6,"Joe Mixon","RB",36.6
"39",39,"Lamar Jackson","BAL","14","QB4",35,"34",36,47,NA,37.6,"Lamar Jackson","QB",37.6
"40",40,"Stefon Diggs","HOU","14","WR19",34,"32",45,37,NA,39.6,"Stefon Diggs","WR",39.6
"41",41,"Alvin Kamara","NO","12","RB16",38,"48",49,34,NA,41.4,"Alvin Kamara","RB",41.4
"42",42,"DK Metcalf","SEA","10","WR20",36,"43",46,38,NA,41.4,"DK Metcalf","WR",41.4
"43",43,"Jaylen Waddle","MIA","6","WR21",49,"36",41,40,NA,41.8,"Jaylen Waddle","WR",41.8
"44",44,"Kenneth Walker III","SEA","10","RB17",44,"50",42,35,NA,42,"Kenneth Walker III","RB",42
"45",45,"DeVonta Smith","PHI","5","WR22",46,"49",37,44,NA,43.2,"DeVonta Smith","WR",43.2
"46",46,"DJ Moore","CHI","7","WR23",47,"37",50,39,NA,43.6,"DJ Moore","WR",43.6
"47",47,"Mark Andrews","BAL","14","TE3",41,"45",43,52,NA,44.6,"Mark Andrews","TE",44.6
"48",48,"Trey McBride","ARI","11","TE4",50,"46",39,49,NA,47,"Trey McBride","TE",47
"49",49,"C.J. Stroud","HOU","14","QB5",45,"42",44,60,NA,47.6,"C.J. Stroud","QB",47.6
"50",50,"Dalton Kincaid","BUF","12","TE5",54,"51",53,48,NA,52.2,"Dalton Kincaid","TE",52.2
"51",51,"Malik Nabers","NYG","11","WR24",52,"44",59,46,NA,52.6,"Malik Nabers","WR",52.6
"52",52,"Anthony Richardson","IND","14","QB6",48,"56",52,58,NA,55,"Anthony Richardson","QB",55
"53",53,"George Kittle","SF","9","TE6",51,"53",51,68,NA,56.6,"George Kittle","TE",56.6
"54",54,"James Conner","ARI","11","RB18",68,"63",54,55,NA,57.2,"James Conner","RB",57.2
"55",55,"Amari Cooper","CLE","10","WR25",69,"59",48,57,NA,57.4,"Amari Cooper","WR",57.4
"56",56,"Aaron Jones","MIN","6","RB19",55,"58",70,53,NA,57.8,"Aaron Jones","RB",57.8
"57",57,"Joe Burrow","CIN","12","QB7",53,"61",56,78,NA,60,"Joe Burrow","QB",60
"58",58,"George Pickens","PIT","9","WR26",66,"57",65,54,NA,60.2,"George Pickens","WR",60.2
"59",59,"Zay Flowers","BAL","14","WR27",56,"52",67,64,NA,60.8,"Zay Flowers","WR",60.8
"60",60,"D'Andre Swift","CHI","7","RB20",63,"62",74,50,NA,61,"D'Andre Swift","RB",61
"61",61,"David Montgomery","DET","5","RB21",64,"65",58,62,NA,61.4,"David Montgomery","RB",61.4
"62",62,"Kyle Pitts","ATL","12","TE7",61,"55",57,67,NA,62,"Kyle Pitts","TE",62
"63",63,"Tee Higgins","CIN","12","WR28",62,"60",62,61,NA,62.4,"Tee Higgins","WR",62.4
"64",64,"Tank Dell","HOU","14","WR29",59,"54",60,79,NA,64,"Tank Dell","WR",64
"65",65,"Rhamondre Stevenson","NE","14","RB22",57,"69",82,51,NA,65.6,"Rhamondre Stevenson","RB",65.6
"66",66,"Zamir White","LV","10","RB23",67,"82",75,56,NA,65.8,"Zamir White","RB",65.8
"67",67,"Evan Engram","JAC","12","TE8",58,"67",66,70,NA,66.4,"Evan Engram","TE",66.4
"68",68,"Dak Prescott","DAL","7","QB8",65,"71",63,84,NA,69.8,"Dak Prescott","QB",69.8
"69",69,"Jordan Love","GB","10","QB9",71,"80",72,74,NA,70.8,"Jordan Love","QB",70.8
"70",70,"Najee Harris","PIT","9","RB24",79,"73",86,59,NA,72,"Najee Harris","RB",72
"71",71,"Kyler Murray","ARI","11","QB10",72,"78",55,83,NA,72.6,"Kyler Murray","QB",72.6
"72",72,"Terry McLaurin","WAS","14","WR30",78,"68",81,63,NA,73.4,"Terry McLaurin","WR",73.4
"73",73,"Keenan Allen","CHI","7","WR31",70,"64",77,69,NA,73.8,"Keenan Allen","WR",73.8
"74",74,"Christian Kirk","JAC","12","WR32",88,"66",71,65,NA,73.8,"Christian Kirk","WR",73.8
"75",75,"Raheem Mostert","MIA","6","RB25",89,"81",61,75,NA,74,"Raheem Mostert","RB",74
"76",76,"Calvin Ridley","TEN","5","WR33",60,"83",78,77,NA,74.2,"Calvin Ridley","WR",74.2
"77",77,"Rashee Rice","KC","6","WR34",75,"70",92,73,NA,76.8,"Rashee Rice","WR",76.8
"78",78,"Chris Godwin","TB","11","WR35",73,"75",84,71,NA,77,"Chris Godwin","WR",77
"79",79,"Tony Pollard","TEN","5","RB26",90,"77",88,76,NA,80.6,"Tony Pollard","RB",80.6
"80",80,"David Njoku","CLE","10","TE9",77,"84",79,93,NA,83.6,"David Njoku","TE",83.6
"81",81,"Jayden Reed","GB","10","WR36",85,"74",90,89,NA,83.8,"Jayden Reed","WR",83.8
"82",82,"Jake Ferguson","DAL","7","TE10",82,"86",76,92,NA,84.4,"Jake Ferguson","TE",84.4
"83",83,"Javonte Williams","DEN","14","RB27",91,"90",116,66,NA,89.2,"Javonte Williams","RB",89.2
"84",84,"Jaylen Warren","PIT","9","RB28",84,"98",98,81,NA,89.6,"Jaylen Warren","RB",89.6
"85",85,"Austin Ekeler","WAS","14","RB29",98,"93",89,85,NA,90.6,"Austin Ekeler","RB",90.6
"86",86,"Jonathon Brooks","CAR","11","RB30",80,"97",91,87,NA,91,"Jonathon Brooks","RB",91
"87",87,"Diontae Johnson","CAR","11","WR37",93,"95",94,86,NA,93,"Diontae Johnson","WR",93
"88",88,"Nick Chubb","CLE","10","RB31",109,"87",108,88,NA,93.6,"Nick Chubb","RB",93.6
"89",89,"Xavier Worthy","KC","6","WR38",102,"76",100,96,NA,93.6,"Xavier Worthy","WR",93.6
"90",90,"Zack Moss","CIN","12","RB32",100,"92",118,80,NA,93.6,"Zack Moss","RB",93.6
"91",91,"Brock Purdy","SF","9","QB11",97,"91",85,111,NA,93.6,"Brock Purdy","QB",93.6
"92",92,"Brian Robinson Jr.","WAS","14","RB33",76,"108",125,82,NA,94.2,"Brian Robinson Jr.","RB",94.2
"93",93,"Devin Singletary","NYG","11","RB34",113,"99",107,72,NA,96.4,"Devin Singletary","RB",96.4
"94",94,"Brock Bowers","LV","10","TE11",107,"79",113,105,NA,100,"Brock Bowers","TE",100
"95",95,"Tyjae Spears","TEN","5","RB35",95,"107",114,91,NA,101.2,"Tyjae Spears","RB",101.2
"96",96,"Rome Odunze","CHI","7","WR39",108,"72",101,117,NA,103,"Rome Odunze","WR",103
"97",97,"Ladd McConkey","LAC","5","WR40",112,"88",109,100,NA,103,"Ladd McConkey","WR",103
"98",98,"Christian Watson","GB","10","WR41",94,"103",133,95,NA,103,"Christian Watson","WR",103
"99",99,"DeAndre Hopkins","TEN","5","WR42",103,"96",123,94,NA,103.4,"DeAndre Hopkins","WR",103.4
"100",100,"Jaxon Smith-Njigba","SEA","10","WR43",96,"100",112,99,NA,103.6,"Jaxon Smith-Njigba","WR",103.6
"101",101,"Hollywood Brown","KC","6","WR44",116,"89",96,107,NA,104,"Hollywood Brown","WR",104
"102",102,"Keon Coleman","BUF","12","WR45",111,"94",102,109,NA,105.2,"Keon Coleman","WR",105.2
"103",103,"Justin Tucker","BAL","14","K1",83,"127",68,132,NA,106.4,"Justin Tucker","K",106.4
"104",104,"Jayden Daniels","WAS","14","QB12",110,"115",104,101,NA,106.8,"Jayden Daniels","QB",106.8
"105",105,"Jordan Addison","MIN","6","WR46",114,"85",105,110,NA,108.8,"Jordan Addison","WR",108.8
"106",106,"Caleb Williams","CHI","7","QB13",104,"101",126,108,NA,108.8,"Caleb Williams","QB",108.8
"107",107,"Ezekiel Elliott","DAL","7","RB36",99,"114",117,98,NA,109.2,"Ezekiel Elliott","RB",109.2
"108",108,"Dallas Goedert","PHI","5","TE12",118,"102",103,116,NA,109.4,"Dallas Goedert","TE",109.4
"109",109,"Brandon Aubrey","DAL","7","K2",86,"129",80,125,NA,111,"Brandon Aubrey","K",111
"110",110,"San Francisco 49ers","DST","9","DST1",81,"143",64,154,NA,112.4,"San Francisco 49ers","DST",112.4
"111",111,"Gus Edwards","LAC","5","RB37",126,"113",110,113,NA,113,"Gus Edwards","RB",113
"112",112,"Jared Goff","DET","5","QB14",145,"109",106,114,NA,113.2,"Jared Goff","QB",113.2
"113",113,"Tua Tagovailoa","MIA","6","QB15",125,"104",119,121,NA,114.2,"Tua Tagovailoa","QB",114.2
"114",114,"Harrison Butker","KC","6","K3",106,"128",73,145,NA,115.2,"Harrison Butker","K",115.2
"115",115,"Chase Brown","CIN","12","RB38",127,"118",144,90,NA,115.4,"Chase Brown","RB",115.4
"116",116,"Jerome Ford","CLE","10","RB39",124,"122",154,97,NA,118.4,"Jerome Ford","RB",118.4
"117",117,"Courtland Sutton","DEN","14","WR47",115,"116",140,106,NA,118.4,"Courtland Sutton","WR",118.4
"118",118,"Jameson Williams","DET","5","WR48",123,"111",128,115,NA,119.2,"Jameson Williams","WR",119.2
"119",119,"T.J. Hockenson","MIN","6","TE13",120,"110",129,123,NA,123.2,"T.J. Hockenson","TE",123.2
"120",120,"Blake Corum","LAR","6","RB40",122,"120",151,104,NA,124.6,"Blake Corum","RB",124.6
"121",121,"Brian Thomas Jr.","JAC","12","WR49",131,"105",137,126,NA,125.4,"Brian Thomas Jr.","WR",125.4
"122",122,"Trey Benson","ARI","11","RB41",129,"112",168,102,NA,126.4,"Trey Benson","RB",126.4
"123",123,"Baltimore Ravens","DST","14","DST2",87,"190",121,142,NA,126.6,"Baltimore Ravens","DST",126.6
"124",124,"Dallas Cowboys","DST","7","DST3",92,"185",111,135,NA,127.2,"Dallas Cowboys","DST",127.2
"125",125,"Dalton Schultz","HOU","14","TE14",134,"106",130,137,NA,127.2,"Dalton Schultz","TE",127.2
"126",126,"New York Jets","DST","12","DST4",105,"154",135,147,NA,129.6,"New York Jets","DST",129.6
"127",127,"Trevor Lawrence","JAC","12","QB16",152,"125",134,131,NA,131.6,"Trevor Lawrence","QB",131.6
"128",128,"Cleveland Browns","DST","10","DST5",74,"193",99,161,NA,132.6,"Cleveland Browns","DST",132.6
"129",129,"Khalil Shakir","BUF","12","WR50",155,"131",131,124,NA,132.8,"Khalil Shakir","WR",132.8
"130",130,"Justin Herbert","LAC","5 ","QB17",153,"124",127,139,NA,134,"Justin Herbert","QB",134
"131",131,"J.K. Dobbins","LAC","5","RB42",132,"142",185,103,NA,134.2,"J.K. Dobbins","RB",134.2
"132",132,"Pat Freiermuth","PIT","9","TE15",140,"126",142,127,NA,134.4,"Pat Freiermuth","TE",134.4
"133",133,"Younghoe Koo","ATL","12","K4",135,"132",97,189,NA,135.6,"Younghoe Koo","K",135.6
"134",134,"Tyler Lockett","SEA","10","WR51",130,"123",136,151,NA,136.8,"Tyler Lockett","WR",136.8
"135",135,"Cole Kmet","CHI","7","TE16",148,"121",147,136,NA,137,"Cole Kmet","TE",137
"136",136,"Aaron Rodgers","NYJ","12","QB18",117,"135",143,152,NA,137.4,"Aaron Rodgers","QB",137.4
"137",137,"Curtis Samuel","BUF","12","WR52",146,"117",153,119,NA,138,"Curtis Samuel","WR",138
"138",138,"Zach Charbonnet","SEA","10","RB43",137,"137",164,118,NA,141.2,"Zach Charbonnet","RB",141.2
"139",139,"Romeo Doubs","GB","10","WR53",166,"119",156,130,NA,142.6,"Romeo Doubs","WR",142.6
"140",140,"Jake Elliott","PHI","5","K5",101,"146",148,165,NA,143.4,"Jake Elliott","K",143.4
"141",141,"Kirk Cousins","ATL","12","QB19",142,"145",161,141,NA,144,"Kirk Cousins","QB",144
"142",142,"Ka'imi Fairbairn","HOU","14","K6",121,"151",141,156,NA,145.4,"Ka'imi Fairbairn","K",145.4
"143",143,"Jerry Jeudy","CLE","10","WR54",133,"136",171,138,NA,145.4,"Jerry Jeudy","WR",145.4
"144",144,"Jakobi Meyers","LV","10","WR55",143,"134",174,140,NA,146.8,"Jakobi Meyers","WR",146.8
"145",145,"Chuba Hubbard","CAR","11","RB44",174,"140",160,122,NA,147,"Chuba Hubbard","RB",147
"146",146,"Evan McPherson","CIN","12","K7",128,"130",93,215,NA,147.6,"Evan McPherson","K",147.6
"147",147,"Mike Williams","NYJ","12","WR56",139,"144",155,148,NA,149,"Mike Williams","WR",149
"148",148,"Rico Dowdle","DAL","7","RB45",167,"147",214,112,NA,150.8,"Rico Dowdle","RB",150.8
"149",149,"Matthew Stafford","LAR","6","QB20",172,"149",138,157,NA,152.8,"Matthew Stafford","QB",152.8
"150",150,"Pittsburgh Steelers","DST","9","DST6",119,"195",149,174,NA,157.8,"Pittsburgh Steelers","DST",157.8
"151",151,"Jake Moody","SF","9","K8",154,"148",120,175,NA,158.8,"Jake Moody","K",158.8
"152",152,"Joshua Palmer","LAC","5","WR57",187,"138",203,128,NA,159.4,"Joshua Palmer","WR",159.4
"153",153,"Kansas City Chiefs","DST","6","DST7",141,"205",124,191,NA,159.8,"Kansas City Chiefs","DST",159.8
"154",154,"Tyler Allgeier","ATL","12","RB46",150,"160",199,143,NA,159.8,"Tyler Allgeier","RB",159.8
"155",155,"Ty Chandler","MIN","6","RB47",160,"159",220,120,NA,161,"Ty Chandler","RB",161
"156",156,"Deshaun Watson","CLE","10","QB21",157,"168",165,176,NA,163.8,"Deshaun Watson","QB",163.8
"157",157,"Buffalo Bills","DST","12","DST8",178,"253",95,162,NA,164,"Buffalo Bills","DST",164
"158",158,"Baker Mayfield","TB","11","QB22",175,"158",162,171,NA,165.2,"Baker Mayfield","QB",165.2
"159",159,"Brandin Cooks","DAL","7","WR58",181,"162",170,153,NA,165.4,"Brandin Cooks","WR",165.4
"160",160,"Adam Thielen","CAR","11","WR59",156,"163",175,164,NA,165.4,"Adam Thielen","WR",165.4
"161",161,"Miami Dolphins","DST","6","DST9",144,"198",159,173,NA,167.4,"Miami Dolphins","DST",167.4
"162",162,"Gabe Davis","JAC","12","WR60",164,"153",189,155,NA,169.4,"Gabe Davis","WR",169.4
"163",163,"Antonio Gibson","NE","14","RB48",162,"171",244,133,NA,171,"Antonio Gibson","RB",171
"164",164,"Jaylen Wright","MIA","6","RB49",186,"150",227,129,NA,171.4,"Jaylen Wright","RB",171.4
"165",165,"Jaleel McLaughlin","DEN","14","RB50",176,"175",218,134,NA,171.4,"Jaleel McLaughlin","RB",171.4
"166",166,"Xavier Legette","CAR","11","WR61",165,"139",186,179,NA,172.8,"Xavier Legette","WR",172.8
"167",167,"Cameron Dicker","LAC","5","K9",171,"152",122,224,NA,174,"Cameron Dicker","K",174
"168",168,"Adonai Mitchell","IND","14","WR62",173,"133",202,182,NA,174.4,"Adonai Mitchell","WR",174.4
"169",169,"Luke Musgrave","GB","10","TE17",236,"141",167,170,NA,175.2,"Luke Musgrave","TE",175.2
"170",170,"Philadelphia Eagles","DST","5","DST10",180,"202",145,213,NA,179.2,"Philadelphia Eagles","DST",179.2
"171",171,"Tyler Bass","BUF","12","K10",189,"156",152,216,NA,179.6,"Tyler Bass","K",179.6
"172",172,"Rashid Shaheed","NO","12","WR63",151,"155",262,167,NA,180.2,"Rashid Shaheed","WR",180.2
"173",173,"MarShawn Lloyd","GB","10","RB51",170,"178",240,150,NA,180.4,"MarShawn Lloyd","RB",180.4
"174",174,"Dontayvion Wicks","GB","10","WR64",194,"166",200,166,NA,181.2,"Dontayvion Wicks","WR",181.2
"175",175,"Houston Texans","DST","14","DST11",184,"245",163,177,NA,184,"Houston Texans","DST",184
"176",176,"Jason Sanders","MIA","6","K11",201,"176",166,183,NA,184.8,"Jason Sanders","K",184.8
"177",177,"Isaiah Likely","BAL","14","TE18",209,"167",173,208,NA,184.8,"Isaiah Likely","TE",184.8
"178",178,"Darnell Mooney","ATL","12","WR65",149,"179",243,186,NA,188,"Darnell Mooney","WR",188
"179",179,"Tyler Conklin","NYJ","12","TE19",179,"180",223,190,NA,191.2,"Tyler Conklin","TE",191.2
"180",180,"Chicago Bears","DST","7","DST12",177,"298",83,229,NA,192.8,"Chicago Bears","DST",192.8
"181",181,"Jason Myers","SEA","10","K12",223,"209",178,192,NA,194.4,"Jason Myers","K",194.4
"182",182,"New Orleans Saints","DST","12","DST13",136,"258",183,204,NA,194.8,"New Orleans Saints","DST",194.8
"183",183,"Ja'Lynn Polk","NE","14","WR66",214,"157",229,198,NA,197.2,"Ja'Lynn Polk","WR",197.2
"184",184,"Detroit Lions","DST","5","DST14",138,"254",158,254,NA,198.6,"Detroit Lions","DST",198.6
"185",185,"Tampa Bay Buccaneers","DST","11","DST15",222,"194",132,276,NA,199.6,"Tampa Bay Buccaneers","DST",199.6
"186",186,"Geno Smith","SEA","10","QB23",197,"200",196,233,NA,200.2,"Geno Smith","QB",200.2
"187",187,"DeMario Douglas","NE","14","WR67",163,"183",246,200,NA,200.8,"DeMario Douglas","WR",200.8
"188",188,"Kendre Miller","NO","12","RB52",159,"172",294,181,NA,202,"Kendre Miller","RB",202
"189",189,"Elijah Mitchell","SF","9","RB53",324,"188",236,168,NA,216.8,"Elijah Mitchell","RB",216.8
"190",190,"Derek Carr","NO","12","QB24",224,"243",234,232,NA,221.8,"Derek Carr","QB",221.8
"191",191,"Los Angeles Chargers","DST","5","DST16",185,"318",150,273,NA,225,"Los Angeles Chargers","DST",225
"192",192,"Cincinnati Bengals","DST","12","DST17",168,"",87,236,NA,171.3,"Cincinnati Bengals","DST",171.3
"193",193,"Jahan Dotson","PHI","5","WR68",NA,"173",184,158,NA,176.8,"Jahan Dotson","WR",176.8
"194",194,"Taysom Hill","NO","12","TE20",161,"169",212,178,NA,180,"Taysom Hill","TE",180
"195",195,"Greg Zuerlein","NYJ","12","K13",147,"",139,228,NA,181.3,"Greg Zuerlein","K",181.3
"196",196,"Matt Gay","IND","14","K14",158,"",188,180,NA,183,"Matt Gay","K",183
"197",197,"Khalil Herbert","CHI","7","RB54",NA,"208",209,172,NA,190,"Khalil Herbert","RB",190
"198",198,"Hunter Henry","NE","14","TE21",NA,"174",205,188,NA,190.8,"Hunter Henry","TE",190.8
"199",199,"Josh Downs","IND","14","WR69",NA,"164",221,169,NA,191,"Josh Downs","WR",191
"200",200,"Bo Nix","DEN","14","QB25",182,"192",182,222,NA,194.5,"Bo Nix","QB",194.5
"201",201,"Braelon Allen","NYJ","12","RB55",NA,"186",264,159,NA,196.8,"Braelon Allen","RB",196.8
"202",202,"Justin Fields","PIT","9","QB26",208,"197",197,197,NA,199.8,"Justin Fields","QB",199.8
"203",203,"Will Levis","TEN","5","QB27",203,"191",219,187,NA,200,"Will Levis","QB",200
"204",204,"Bucky Irving","TB","11","RB56",NA,"196",265,160,NA,200.5,"Bucky Irving","RB",200.5
"205",205,"Kimani Vidal","LAC","5","RB57",NA,"181",279,144,NA,201,"Kimani Vidal","RB",201
"206",206,"Daniel Carlson","LV","10","K15",195,"214",157,243,NA,202.3,"Daniel Carlson","K",202.3
"207",207,"Jonnu Smith","MIA","6","TE22",395,"226",268,219,NA,263.4,"Jonnu Smith","TE",263.4
"208",208,"Cairo Santos","CHI","7","K16",183,"",190,242,NA,205,"Cairo Santos","K",205
"209",209,"Atlanta Falcons","DST","12","DST18",191,"",193,247,NA,205.3,"Atlanta Falcons","DST",205.3
"210",210,"Las Vegas Raiders","DST","10","DST19",199,"255",176,194,NA,206,"Las Vegas Raiders","DST",206
"211",211,"Ben Sinnott","WAS","14","TE23",212,"161",233,220,NA,206.5,"Ben Sinnott","TE",206.5
"212",212,"Chigoziem Okonkwo","TEN","5","TE24",206,"206",222,193,NA,206.8,"Chigoziem Okonkwo","TE",206.8
"213",213,"Tyrone Tracy Jr.","NYG","11","RB58",NA,"187",304,146,NA,207,"Tyrone Tracy Jr.","RB",207
"214",214,"Ray Davis","BUF","12","RB59",NA,"184",325,163,NA,212.8,"Ray Davis","RB",212.8
"215",215,"Seattle Seahawks","DST","10","DST20",190,"210",187,267,NA,213.5,"Seattle Seahawks","DST",213.5
"216",216,"Clyde Edwards-Helaire","KC","6","RB60",NA,"220",245,209,NA,215.3,"Clyde Edwards-Helaire","RB",215.3
"217",217,"Russell Wilson","PIT","9","QB28",216,"239",192,226,NA,218.3,"Russell Wilson","QB",218.3
"218",218,"Indianapolis Colts","DST","14","DST21",NA,"306",180,217,NA,219,"Indianapolis Colts","DST",219
"219",219,"Bryce Young","CAR","11","QB29",198,"221",226,255,NA,225,"Bryce Young","QB",225
"220",220,"Kenneth Gainwell","PHI","5","RB61",NA,"270",248,184,NA,226,"Kenneth Gainwell","RB",226
"221",221,"Roschon Johnson","CHI","7","RB62",NA,"225",286,185,NA,227.3,"Roschon Johnson","RB",227.3
"222",222,"Wan'Dale Robinson","NYG","11","WR70",NA,"215",258,230,NA,227.5,"Wan'Dale Robinson","WR",227.5
"223",223,"Mike Gesicki","CIN","12","TE25",246,"213",225,227,NA,227.8,"Mike Gesicki","TE",227.8
"224",224,"Green Bay Packers","DST","10","DST22",193,"309",172,239,NA,228.3,"Green Bay Packers","DST",228.3
"225",225,"New England Patriots","DST","14","DST23",211,"265",194,248,NA,229.5,"New England Patriots","DST",229.5
"226",226,"Minnesota Vikings","DST","6","DST24",204,"262",206,252,NA,231,"Minnesota Vikings","DST",231
"227",227,"Marvin Mims Jr.","DEN","14","WR71",210,"222",247,250,NA,232.3,"Marvin Mims Jr.","WR",232.3
"228",228,"Zach Ertz","WAS","14","TE26",230,"250",211,259,NA,237.5,"Zach Ertz","TE",237.5
"229",229,"Blake Grupe","NO","12","K17",265,"",210,274,NA,239.3,"Blake Grupe","K",239.3
"230",230,"Noah Fant","SEA","10","TE27",207,"212",308,237,NA,241,"Noah Fant","TE",241
"231",231,"Sam Darnold","MIN","6","QB30",234,"228",271,231,NA,241,"Sam Darnold","QB",241
"232",232,"Jacksonville Jaguars","DST","12","DST25",188,"303",230,262,NA,245.8,"Jacksonville Jaguars","DST",245.8
"233",233,"Troy Franklin","DEN","14","WR72",328,"177",267,256,NA,257,"Troy Franklin","WR",257
"234",234,"D'Onta Foreman","CLE","10","RB63",NA,"269",329,235,NA,259,"D'Onta Foreman","RB",259
"235",235,"Dustin Hopkins","CLE","10","K18",192,"",69,278,NA,179.7,"Dustin Hopkins","K",179.7
"236",236,"Ja'Tavion Sanders","CAR","11","TE28",280,"217",277,287,NA,265.3,"Ja'Tavion Sanders","TE",265.3
"237",237,"Ricky Pearsall","SF","9","WR73",NA,"170",195,201,NA,188.7,"Ricky Pearsall","WR",188.7
"238",238,"Denver Broncos","DST","14","DST26",205,"",115,269,NA,196.3,"Denver Broncos","DST",196.3
"239",239,"Cade Otton","TB","11","TE29",NA,"165",198,253,NA,205.3,"Cade Otton","TE",205.3
"240",240,"Michael Wilson","ARI","11","WR74",NA,"211",259,149,NA,206.3,"Michael Wilson","WR",206.3
"241",241,"Dameon Pierce","HOU","14","RB64",NA,"204",217,203,NA,208,"Dameon Pierce","RB",208
"242",242,"Jermaine Burton","CIN","12","WR75",NA,"199",215,211,NA,208.3,"Jermaine Burton","WR",208.3
"243",243,"Quentin Johnston","LAC","5","WR76",NA,"182",252,195,NA,209.7,"Quentin Johnston","WR",209.7
"244",244,"Washington Commanders","DST","14","DST27",229,"201",208,NA,NA,212.7,"Washington Commanders","DST",212.7
"245",245,"Chris Boswell","PIT","9","K19",196,"",177,266,NA,213,"Chris Boswell","K",213
"246",246,"Dawson Knox","BUF","12","TE30",219,"240",191,NA,NA,216.7,"Dawson Knox","TE",216.7
"247",247,"Odell Beckham Jr.","MIA","6","WR77",215,"241",201,NA,NA,219,"Odell Beckham Jr.","WR",219
"248",248,"Drake Maye","NE","14","QB31",221,"218",224,NA,NA,221,"Drake Maye","QB",221
"249",249,"Roman Wilson","PIT","9","WR78",NA,"189",179,296,NA,221.3,"Roman Wilson","WR",221.3
"250",250,"Jake Bates","DET","5","K20",169,"",238,258,NA,221.7,"Jake Bates","K",221.7
"251",251,"Will Reichard","MIN","6","K21",202,"",237,249,NA,229.3,"Will Reichard","K",229.3
"252",252,"Alexander Mattison","LV","10","RB65",NA,"227",255,210,NA,230.7,"Alexander Mattison","RB",230.7
"253",253,"New York Giants","DST","11","DST28",NA,"251",207,238,NA,232,"New York Giants","DST",232
"254",254,"AJ Dillon","GB","10","RB66",NA,"232",231,241,NA,234.7,"AJ Dillon","RB",234.7
"255",255,"Rashod Bateman","BAL","14","WR79",NA,"203",232,275,NA,236.7,"Rashod Bateman","WR",236.7
"256",256,"Wil Lutz","DEN","14","K22",218,"",253,244,NA,238.3,"Wil Lutz","K",238.3
"257",257,"Justice Hill","BAL","14","RB67",NA,"229",269,218,NA,238.7,"Justice Hill","RB",238.7
"258",258,"Tennessee Titans","DST","5","DST29",225,"242",250,NA,NA,239,"Tennessee Titans","DST",239
"259",259,"Tank Bigsby","JAC","12","RB68",NA,"235",287,205,NA,242.3,"Tank Bigsby","RB",242.3
"260",260,"Javon Baker","NE","14","WR80",415,"224",303,295,NA,309.3,"Javon Baker","WR",309.3
"261",261,"Los Angeles Rams","DST","6","DST30",213,"315",216,NA,NA,248,"Los Angeles Rams","DST",248
"262",262,"Daniel Jones","NYG","11","QB32",NA,"248",251,246,NA,248.3,"Daniel Jones","QB",248.3
"263",263,"Tyler Boyd","TEN","5","WR81",NA,"231",256,264,NA,250.3,"Tyler Boyd","WR",250.3
"264",264,"Audric Estime","DEN","14","RB69",NA,"223",326,206,NA,251.7,"Audric Estime","RB",251.7
"265",265,"Will Shipley","PHI","5","RB70",NA,"236",305,214,NA,251.7,"Will Shipley","RB",251.7
"266",266,"Greg Dulcich","DEN","14","TE31",NA,"249",270,240,NA,253,"Greg Dulcich","TE",253
"267",267,"Keaton Mitchell","BAL","14","RB71",NA,"246",281,234,NA,253.7,"Keaton Mitchell","RB",253.7
"268",268,"Dalvin Cook","","","RB72",257,"",260,245,NA,254,"Dalvin Cook","RB",254
"269",269,"Gardner Minshew II","LV","10","QB33",249,"252",261,NA,NA,254,"Gardner Minshew II","QB",254
"270",270,"Luke McCaffrey","WAS","14","WR82",NA,"207",275,284,NA,255.3,"Luke McCaffrey","WR",255.3
"271",271,"Colby Parkinson","LAR","6","TE32",NA,"244",297,225,NA,255.3,"Colby Parkinson","TE",255.3
"272",272,"Michael Penix Jr.","ATL","12","QB34",235,"266",283,NA,NA,261.3,"Michael Penix Jr.","QB",261.3
"273",273,"Jamaal Williams","NO","12","RB73",NA,"311",257,221,NA,263,"Jamaal Williams","RB",263
"274",274,"Hayden Hurst","LAC","5","TE33",NA,"277",291,223,NA,263.7,"Hayden Hurst","TE",263.7
"275",275,"Jalen Tolbert","DAL","7","WR83",NA,"238",284,280,NA,267.3,"Jalen Tolbert","WR",267.3
"276",276,"K.J. Osborn","NE","14","WR84",377,"308",324,294,NA,325.8,"K.J. Osborn","WR",325.8
"277",277,"Greg Dortch","ARI","11","WR85",NA,"237",295,288,NA,273.3,"Greg Dortch","WR",273.3
"278",278,"Kadarius Toney","KC","6","WR86",237,"319",266,NA,NA,274,"Kadarius Toney","WR",274
"279",279,"Demarcus Robinson","LAR","6","WR87",NA,"234",312,286,NA,277.3,"Demarcus Robinson","WR",277.3
"280",280,"Jalin Hyatt","NYG","11","WR88",NA,"264",289,291,NA,281.3,"Jalin Hyatt","WR",281.3
"281",281,"Michael Mayer","LV","10","TE34",357,"268",228,NA,NA,284.3,"Michael Mayer","TE",284.3
"282",282,"Eric Gray","NYG","11","RB74",NA,"322",331,202,NA,285,"Eric Gray","RB",285
"283",283,"Samaje Perine","DEN","14","RB75",NA,"314",350,199,NA,287.7,"Samaje Perine","RB",287.7
"284",284,"Juwan Johnson","NO","12","TE35",NA,"272",316,277,NA,288.3,"Juwan Johnson","TE",288.3
"285",285,"Deuce Vaughn","DAL","7","RB76",250,"299",320,NA,NA,289.7,"Deuce Vaughn","RB",289.7
"286",286,"Jalen McMillan","TB","11","WR89",NA,"230",348,292,NA,290,"Jalen McMillan","WR",290
"287",287,"Darius Slayton","NYG","11","WR90",NA,"279",309,289,NA,292.3,"Darius Slayton","WR",292.3
"288",288,"Arizona Cardinals","DST","11","DST31",233,"",146,NA,NA,189.5,"Arizona Cardinals","DST",189.5
"289",289,"Brenden Rice","LAC","5","WR91",296,"259",328,NA,NA,294.3,"Brenden Rice","WR",294.3
"290",290,"Tre Tucker","LV","10","WR92",NA,"304",288,293,NA,295,"Tre Tucker","WR",295
"291",291,"Malachi Corley","NYJ","12","WR93",NA,"219",169,NA,NA,194,"Malachi Corley","WR",194
"292",292,"Daniel Bellinger","NYG","11","TE36",NA,"282",355,257,NA,298,"Daniel Bellinger","TE",298
"293",293,"Jordan Whittington","LAR","6","WR94",245,"",394,260,NA,299.7,"Jordan Whittington","WR",299.7
"294",294,"Tyler Higbee","LAR","6","TE37",294,"320",306,NA,NA,306.7,"Tyler Higbee","TE",306.7
"295",295,"Dylan Laube","LV","10","RB77",NA,"256",395,270,NA,307,"Dylan Laube","RB",307
"296",296,"Darren Waller","","","TE38",255,"",204,NA,NA,229.5,"Darren Waller","TE",229.5
"297",297,"Trey Sermon","IND","14","RB78",NA,"260",419,282,NA,320.3,"Trey Sermon","RB",320.3
"298",298,"Joshua Karty","LAR","6","K23",422,"",274,265,NA,320.3,"Joshua Karty","K",320.3
"299",299,"Graham Gano","NYG","11","K24",220,"",241,NA,NA,230.5,"Graham Gano","K",230.5
"300",300,"Cam Akers","HOU","14","RB79",269,"",415,285,NA,323,"Cam Akers","RB",323
"301",301,"Anders Carlson","GB","10","K25",227,"",249,NA,NA,238,"Anders Carlson","K",238
"302",302,"Cam Little","JAC","12","K26",217,"",263,NA,NA,240,"Cam Little","K",240
"303",303,"Brandon McManus","","","K27",360,"295",332,NA,NA,329,"Brandon McManus","K",329
"304",304,"Isaac Guerendo","SF","9","RB80",NA,"261",430,298,NA,329.7,"Isaac Guerendo","RB",329.7
"305",305,"Noah Gray","KC","6","TE39",238,"",254,NA,NA,246,"Noah Gray","TE",246
"306",306,"Kyle Juszczyk","SF","9","RB81",256,"",239,NA,NA,247.5,"Kyle Juszczyk","RB",247.5
"307",307,"Chase McLaughlin","TB","11","K28",NA,"",235,261,NA,248,"Chase McLaughlin","K",248
"308",308,"Jordan Mason","SF","9","RB82",NA,"",302,207,NA,254.5,"Jordan Mason","RB",254.5
"309",309,"Miles Sanders","CAR","11","RB83",NA,"",323,196,NA,259.5,"Miles Sanders","RB",259.5
"310",310,"Deneric Prince","KC","6","RB84",401,"",368,251,NA,340,"Deneric Prince","RB",340
"311",311,"Louis Rees-Zammit","KC","6","RB85",244,"",278,NA,NA,261,"Louis Rees-Zammit","RB",261
"312",312,"Devontez Walker","BAL","14","WR95",398,"267",358,NA,NA,341,"Devontez Walker","WR",341
"313",313,"Malik Washington","MIA","6","WR96",349,"281",396,NA,NA,342,"Malik Washington","WR",342
"314",314,"DJ Chark Jr.","LAC","5","WR97",NA,"247",490,290,NA,342.3,"DJ Chark Jr.","WR",342.3
"315",315,"Tucker Kraft","GB","10","TE40",NA,"257",272,NA,NA,264.5,"Tucker Kraft","TE",264.5
"316",316,"Kareem Hunt","","","RB86",332,"",NA,212,NA,272,"Kareem Hunt","RB",272
"317",317,"Jauan Jennings","SF","9","WR98",254,"",293,NA,NA,273.5,"Jauan Jennings","WR",273.5
"318",318,"Justin Watson","KC","6","WR99",266,"",290,NA,NA,278,"Justin Watson","WR",278
"319",319,"Greg Joseph","GB","10","K29",260,"",301,NA,NA,280.5,"Greg Joseph","K",280.5
"320",320,"Chad Ryland","NE","14","K30",242,"",321,NA,NA,281.5,"Chad Ryland","K",281.5
"321",321,"Jake Bobo","SEA","10","WR100",253,"",311,NA,NA,282,"Jake Bobo","WR",282
"322",322,"Braxton Berrios","MIA","6","WR101",231,"",339,NA,NA,285,"Braxton Berrios","WR",285
"323",323,"Donovan Peoples-Jones","DET","5","WR102",258,"",315,NA,NA,286.5,"Donovan Peoples-Jones","WR",286.5
"324",324,"Aidan O'Connell","LV","10","QB35",NA,"302",273,NA,NA,287.5,"Aidan O'Connell","QB",287.5
"325",325,"Durham Smythe","MIA","6","TE41",278,"",300,NA,NA,289,"Durham Smythe","TE",289
"326",326,"Kenny Pickett","PHI","5","QB36",239,"",345,NA,NA,292,"Kenny Pickett","QB",292
"327",327,"Allen Lazard","NYJ","12","WR103",292,"",292,NA,NA,292,"Allen Lazard","WR",292
"328",328,"Tim Patrick","DEN","14","WR104",NA,"",314,271,NA,292.5,"Tim Patrick","WR",292.5
"329",329,"Jelani Woods","IND","14","TE42",NA,"271",317,NA,NA,294,"Jelani Woods","TE",294
"330",330,"Calvin Austin III","PIT","9","WR105",NA,"",310,279,NA,294.5,"Calvin Austin III","WR",294.5
"331",331,"Skyy Moore","KC","6","WR106",272,"",318,NA,NA,295,"Skyy Moore","WR",295
"332",332,"Zay Jones","ARI","11","WR107",NA,"263",336,NA,NA,299.5,"Zay Jones","WR",299.5
"333",333,"Carson Steele","KC","6","RB87",243,"",361,NA,NA,302,"Carson Steele","RB",302
"334",334,"J.J. Taylor","HOU","14","RB88",226,"",380,NA,NA,303,"J.J. Taylor","RB",303
"335",335,"Elijah Moore","CLE","10","WR108",NA,"278",330,NA,NA,304,"Elijah Moore","WR",304
"336",336,"Jermar Jefferson","DET","5","RB89",228,"",382,NA,NA,305,"Jermar Jefferson","RB",305
"337",337,"Riley Patterson","","","K31",262,"",352,NA,NA,307,"Riley Patterson","K",307
"338",338,"Andrei Iosivas","CIN","12","WR109",NA,"",346,268,NA,307,"Andrei Iosivas","WR",307
"339",339,"Joe Flacco","IND","14","QB37",261,"",359,NA,NA,310,"Joe Flacco","QB",310
"340",340,"Darnell Washington","PIT","9","TE43",298,"",322,NA,NA,310,"Darnell Washington","TE",310
"341",341,"Jeff Wilson Jr.","MIA","6","RB90",NA,"",338,283,NA,310.5,"Jeff Wilson Jr.","RB",310.5
"342",342,"Cade Stover","HOU","14","TE44",299,"",327,NA,NA,313,"Cade Stover","TE",313
"343",343,"Kylen Granson","IND","14","TE45",404,"",447,281,NA,377.3,"Kylen Granson","TE",377.3
"344",344,"A.T. Perry","NO","12","WR110",500,"287",347,NA,NA,378,"A.T. Perry","WR",378
"345",345,"Carson Wentz","KC","6","QB38",270,"",370,NA,NA,320,"Carson Wentz","QB",320
"346",346,"Connor Heyward","PIT","9","TE46",288,"",356,NA,NA,322,"Connor Heyward","TE",322
"347",347,"Hendon Hooker","DET","5","QB39",259,"",389,NA,NA,324,"Hendon Hooker","QB",324
"348",348,"Equanimeous St. Brown","NO","12","WR111",277,"",373,NA,NA,325,"Equanimeous St. Brown","WR",325
"349",349,"Joshua Dobbs","SF","9","QB40",248,"",403,NA,NA,325.5,"Joshua Dobbs","QB",325.5
"350",350,"Tommy DeVito","NYG","11","QB41",263,"",392,NA,NA,327.5,"Tommy DeVito","QB",327.5
"351",351,"Ainias Smith","PHI","5","WR112",286,"",369,NA,NA,327.5,"Ainias Smith","WR",327.5
"352",352,"Dyami Brown","WAS","14","WR113",NA,"",384,272,NA,328,"Dyami Brown","WR",328
"353",353,"Kendrick Bourne","NE","14","WR114",NA,"285",371,NA,NA,328,"Kendrick Bourne","WR",328
"354",354,"Mecole Hardman Jr.","KC","6","WR115",309,"",351,NA,NA,330,"Mecole Hardman Jr.","WR",330
"355",355,"Joe Milton III","NE","14","QB42",264,"",397,NA,NA,330.5,"Joe Milton III","QB",330.5
"356",356,"Theo Johnson","NYG","11","TE47",NA,"233",429,NA,NA,331,"Theo Johnson","TE",331
"357",357,"Josh Reynolds","DEN","14","WR116",NA,"326",337,NA,NA,331.5,"Josh Reynolds","WR",331.5
"358",358,"JuJu Smith-Schuster","","","WR117",353,"",313,NA,NA,333,"JuJu Smith-Schuster","WR",333
"359",359,"Brock Wright","DET","5","TE48",247,"",420,NA,NA,333.5,"Brock Wright","TE",333.5
"360",360,"Alec Pierce","IND","14","WR118",313,"",354,NA,NA,333.5,"Alec Pierce","WR",333.5
"361",361,"Brevin Jordan","HOU","14","TE49",331,"",341,NA,NA,336,"Brevin Jordan","TE",336
"362",362,"Mo Alie-Cox","IND","14","TE50",325,"",360,NA,NA,342.5,"Mo Alie-Cox","TE",342.5
"363",363,"John Metchie III","HOU","14","WR119",302,"",386,NA,NA,344,"John Metchie III","WR",344
"364",364,"Cade York","WAS","14","K32",303,"",385,NA,NA,344,"Cade York","K",344
"365",365,"Johnny Wilson","PHI","5","WR120",291,"",399,NA,NA,345,"Johnny Wilson","WR",345
"366",366,"Tyler Scott","CHI","7","WR121",305,"",388,NA,NA,346.5,"Tyler Scott","WR",346.5
"367",367,"Zach Wilson","DEN","14","QB43",276,"",418,NA,NA,347,"Zach Wilson","QB",347
"368",368,"Luke Schoonmaker","DAL","7","TE51",273,"",423,NA,NA,348,"Luke Schoonmaker","TE",348
"369",369,"Keaontay Ingram","KC","6","RB91",354,"",344,NA,NA,349,"Keaontay Ingram","RB",349
"370",370,"Joey Slye","NE","14","K33",338,"",362,NA,NA,350,"Joey Slye","K",350
"371",371,"Tom Brady","","","QB44",200,"",NA,NA,NA,200,"Tom Brady","QB",200
"372",372,"Noah Brown","HOU","14","WR122",301,"",402,NA,NA,351.5,"Noah Brown","WR",351.5
"373",373,"Trey Lance","DAL","7","QB45",342,"",363,NA,NA,352.5,"Trey Lance","QB",352.5
"374",374,"Jimmy Garoppolo","LAR","6","QB46",274,"",432,NA,NA,353,"Jimmy Garoppolo","QB",353
"375",375,"Brett Maher","","","K34",361,"",349,NA,NA,355,"Brett Maher","K",355
"376",376,"DeWayne McBride","MIN","6","RB92",321,"",390,NA,NA,355.5,"DeWayne McBride","RB",355.5
"377",377,"Parris Campbell","PHI","5","WR123",271,"",441,NA,NA,356,"Parris Campbell","WR",356
"378",378,"Matt Prater","ARI","11","K35",NA,"",213,NA,NA,213,"Matt Prater","K",213
"379",379,"D.J. Montgomery","IND","14","WR124",337,"",378,NA,NA,357.5,"D.J. Montgomery","WR",357.5
"380",380,"Josh Oliver","MIN","6","TE52",312,"",412,NA,NA,362,"Josh Oliver","TE",362
"381",381,"Jake Browning","CIN","12","QB47",347,"",377,NA,NA,362,"Jake Browning","QB",362
"382",382,"Spencer Rattler","NO","12","QB48",297,"",428,NA,NA,362.5,"Spencer Rattler","QB",362.5
"383",383,"Brandon Powell","MIN","6","WR125",352,"",375,NA,NA,363.5,"Brandon Powell","WR",363.5
"384",384,"Chris Naggar","","","K36",232,"",NA,NA,NA,232,"Chris Naggar","K",232
"385",385,"Trace McSorley","WAS","14","QB49",240,"",NA,NA,NA,240,"Trace McSorley","QB",240
"386",386,"Nick Folk","TEN","5","K37",NA,"",242,NA,NA,242,"Nick Folk","K",242
"387",387,"Jonathan Mingo","CAR","11","WR126",NA,"325",422,NA,NA,373.5,"Jonathan Mingo","WR",373.5
"388",388,"Tanner Brown","","","K38",251,"",539,NA,NA,395,"Tanner Brown","K",395
"389",389,"Mason Crosby","","","K39",252,"",NA,NA,NA,252,"Mason Crosby","K",252
"390",390,"Elijah Higgins","ARI","11","TE53",329,"",424,NA,NA,376.5,"Elijah Higgins","TE",376.5
"391",391,"Drew Lock","NYG","11","QB50",344,"",410,NA,NA,377,"Drew Lock","QB",377
"392",392,"Mac Jones","JAC","12","QB51",306,"",449,NA,NA,377.5,"Mac Jones","QB",377.5
"393",393,"Rasheen Ali","BAL","14","RB93",497,"293",466,NA,NA,418.7,"Rasheen Ali","RB",418.7
"394",394,"Cooper Rush","DAL","7","QB52",390,"",372,NA,NA,381,"Cooper Rush","QB",381
"395",395,"Tyson Bagent","CHI","7","QB53",304,"",461,NA,NA,382.5,"Tyson Bagent","QB",382.5
"396",396,"Rodrigo Blankenship","","","K40",267,"",NA,NA,NA,267,"Rodrigo Blankenship","K",267
"397",397,"Bo Melton","GB","10","WR127",317,"",451,NA,NA,384,"Bo Melton","WR",384
"398",398,"David Moore","CAR","11","WR128",364,"",404,NA,NA,384,"David Moore","WR",384
"399",399,"Christopher Dunn","","","K41",268,"",NA,NA,NA,268,"Christopher Dunn","K",268
"400",400,"Mike White","MIA","6","QB54",282,"",487,NA,NA,384.5,"Mike White","QB",384.5
"401",401,"Kene Nwangwu","MIN","6","RB94",322,"",448,NA,NA,385,"Kene Nwangwu","RB",385
"402",402,"Ty","","'Son Williams","",NA,"RB95",NA,273,NA,NA,"Ty","",NA
"403",NA,"273.0","","","",NA,"",NA,NA,NA,NA,"273.0","",NA
"404",403,"Anthony Jones","","","RB96",NA,"274",NA,NA,NA,274,"Anthony Jones","RB",274
"405",404,"Ramiz Ahmed","","","K42",275,"",503,NA,NA,389,"Ramiz Ahmed","K",389
"406",405,"K.J. Costello","","","QB55",NA,"276",NA,NA,NA,276,"K.J. Costello","QB",276
"407",406,"Adam Trautman","DEN","14","TE54",279,"",637,NA,NA,458,"Adam Trautman","TE",458
"408",407,"Gerald Everett","CHI","7","TE55",NA,"",280,NA,NA,280,"Gerald Everett","TE",280
"409",408,"Charlie Taumoepeau","","","TE56",NA,"280",NA,NA,NA,280,"Charlie Taumoepeau","TE",280
"410",409,"Robert Woods","HOU","14","WR129",350,"",431,NA,NA,390.5,"Robert Woods","WR",390.5
"411",410,"Jacob Saylors","CLE","10","RB97",281,"",NA,NA,NA,281,"Jacob Saylors","RB",281
"412",411,"Andy Dalton","CAR","11","QB56",314,"",468,NA,NA,391,"Andy Dalton","QB",391
"413",412,"Carolina Panthers","DST","11","DST32",NA,"",282,NA,NA,282,"Carolina Panthers","DST",282
"414",413,"Carson Strong","","","QB57",283,"",NA,NA,NA,283,"Carson Strong","QB",283
"415",414,"Anthony McFarland Jr.","MIA","6","RB98",NA,"283",812,NA,NA,547.5,"Anthony McFarland Jr.","RB",547.5
"416",415,"Dylan McDuffie","","","RB99",NA,"284",NA,NA,NA,284,"Dylan McDuffie","RB",284
"417",416,"Michael Wiley","WAS","14","RB100",284,"",NA,NA,NA,284,"Michael Wiley","RB",284
"418",417,"Matthew Wright","PIT","9","K43",406,"",379,NA,NA,392.5,"Matthew Wright","K",392.5
"419",418,"Cordarrelle Patterson","PIT","9","RB101",NA,"",285,NA,NA,285,"Cordarrelle Patterson","RB",285
"420",419,"Lucas Havrisik","CLE","10","K44",285,"",532,NA,NA,408.5,"Lucas Havrisik","K",408.5
"421",420,"Armani Rogers","PHI","5","TE57",287,"",NA,NA,NA,287,"Armani Rogers","TE",287
"422",421,"Tylan Wallace","BAL","14","WR130",343,"",445,NA,NA,394,"Tylan Wallace","WR",394
"423",422,"Trenton Irwin","CIN","12","WR131",374,"",414,NA,NA,394,"Trenton Irwin","WR",394
"424",423,"MyCole Pruitt","PIT","9","TE58",NA,"288",557,NA,NA,422.5,"MyCole Pruitt","TE",422.5
"425",424,"Dante Pettis","CHI","7","WR132",289,"",583,NA,NA,436,"Dante Pettis","WR",436
"426",425,"Jon Hilliman","","","RB102",NA,"290",NA,NA,NA,290,"Jon Hilliman","RB",290
"427",426,"Nick Sciba","","","K45",290,"",NA,NA,NA,290,"Nick Sciba","K",290
"428",427,"Jazz Ferguson","","","WR133",NA,"291",NA,NA,NA,291,"Jazz Ferguson","WR",291
"429",428,"Jared Wiley","KC","6","TE59",399,"",393,NA,NA,396,"Jared Wiley","TE",396
"430",429,"Tanner Hudson","CIN","12","TE60",419,"",374,NA,NA,396.5,"Tanner Hudson","TE",396.5
"431",430,"Jalen Virgil","DEN","14","WR134",NA,"292",846,NA,NA,569,"Jalen Virgil","WR",569
"432",431,"Jhamon Ausbon","","","WR135",NA,"294",NA,NA,NA,294,"Jhamon Ausbon","WR",294
"433",432,"SaRodorick Thompson Jr.","LAR","6","RB103",295,"",NA,NA,NA,295,"SaRodorick Thompson Jr.","RB",295
"434",433,"James White","","","RB104",NA,"296",NA,NA,NA,296,"James White","RB",296
"435",434,"Van Jefferson","PIT","9","WR136",NA,"",296,NA,NA,296,"Van Jefferson","WR",296
"436",435,"Kevin Harris","NE","14","RB105",411,"",387,NA,NA,399,"Kevin Harris","RB",399
"437",436,"Royce Freeman","DAL","7","RB106",NA,"",581,297,NA,439,"Royce Freeman","RB",439
"438",437,"Ethan Fernea","","","WR137",NA,"297",849,NA,NA,573,"Ethan Fernea","WR",573
"439",438,"Michael Gallup","","","WR138",NA,"",298,NA,NA,298,"Michael Gallup","WR",298
"440",439,"Eddy Pineiro","CAR","11","K46",NA,"",299,NA,NA,299,"Eddy Pineiro","K",299
"441",440,"C.J. Ham","MIN","6","RB107",323,"",477,NA,NA,400,"C.J. Ham","RB",400
"442",441,"Sean Clifford","GB","10","QB58",300,"",535,NA,NA,417.5,"Sean Clifford","QB",417.5
"443",442,"Eric Tomlinson","IND","14","TE61",NA,"300",777,NA,NA,538.5,"Eric Tomlinson","TE",538.5
"444",443,"J.D. McKissic","","","RB108",NA,"301",NA,NA,NA,301,"J.D. McKissic","RB",301
"445",444,"Julio Jones","","","WR139",333,"",470,NA,NA,401.5,"Julio Jones","WR",401.5
"446",445,"Charlie Jones","CIN","12","WR140",348,"",455,NA,NA,401.5,"Charlie Jones","WR",401.5
"447",446,"Austin Hooper","NE","14","TE62",369,"",435,NA,NA,402,"Austin Hooper","TE",402
"448",447,"Corey Clement","","","RB109",NA,"305",NA,NA,NA,305,"Corey Clement","RB",305
"449",448,"Jameis Winston","CLE","10","QB59",373,"",433,NA,NA,403,"Jameis Winston","QB",403
"450",449,"Kalif Raymond","DET","5","WR141",NA,"",307,NA,NA,307,"Kalif Raymond","WR",307
"451",450,"Nathan Rourke","","","QB60",307,"",728,NA,NA,517.5,"Nathan Rourke","QB",517.5
"452",451,"Jalen Nailor","MIN","6","WR142",308,"",521,NA,NA,414.5,"Jalen Nailor","WR",414.5
"453",452,"Matt Ryan","","","QB61",310,"",NA,NA,NA,310,"Matt Ryan","QB",310
"454",453,"Peter LeBlanc","CHI","7","WR143",NA,"310",NA,NA,NA,310,"Peter LeBlanc","WR",310
"455",454,"Julian Hill","MIA","6","TE63",385,"",427,NA,NA,406,"Julian Hill","TE",406
"456",455,"Matt Corral","MIN","6","QB62",311,"",678,NA,NA,494.5,"Matt Corral","QB",494.5
"457",456,"Eli Stove","","","WR144",NA,"312",NA,NA,NA,312,"Eli Stove","WR",312
"458",457,"Caleb Huntley","","","RB110",NA,"313",NA,NA,NA,313,"Caleb Huntley","RB",313
"459",458,"Jaren Hall","MIN","6","QB63",315,"",730,NA,NA,522.5,"Jaren Hall","QB",522.5
"460",459,"Teddy Bridgewater","","","QB64",316,"",NA,NA,NA,316,"Teddy Bridgewater","QB",316
"461",460,"Clayton Thorson","","","QB65",NA,"316",NA,NA,NA,316,"Clayton Thorson","QB",316
"462",461,"C.J. Uzomah","","","TE64",384,"",434,NA,NA,409,"C.J. Uzomah","TE",409
"463",462,"Tucker Fisk","LAC","5","TE65",318,"",717,NA,NA,517.5,"Tucker Fisk","TE",517.5
"464",463,"KaVontae Turpin","DAL","7","WR145",NA,"",319,NA,NA,319,"KaVontae Turpin","WR",319
"465",464,"Jarrett Stidham","DEN","14","QB66",407,"",413,NA,NA,410,"Jarrett Stidham","QB",410
"466",465,"Byron Pringle","WAS","14","WR146",319,"",783,NA,NA,551,"Byron Pringle","WR",551
"467",466,"Nick Foles","","","QB67",320,"",NA,NA,NA,320,"Nick Foles","QB",320
"468",467,"Cole McDonald","","","QB68",NA,"321",NA,NA,NA,321,"Cole McDonald","QB",321
"469",468,"Malcolm Brown","","","RB111",NA,"324",NA,NA,NA,324,"Malcolm Brown","RB",324
"470",469,"Kyle Allen","PIT","9","QB69",416,"",409,NA,NA,412.5,"Kyle Allen","QB",412.5
"471",470,"Josh Pederson","","","TE66",326,"",NA,NA,NA,326,"Josh Pederson","TE",326
"472",471,"Caleb Shudak","","","K47",327,"",NA,NA,NA,327,"Caleb Shudak","K",327
"473",472,"Irv Smith Jr.","KC","6","TE67",334,"",496,NA,NA,415,"Irv Smith Jr.","TE",415
"474",473,"Sione Vaki","DET","5","RB112",330,"",763,NA,NA,546.5,"Sione Vaki","RB",546.5
"475",474,"Nelson Agholor","BAL","14","WR147",NA,"",333,NA,NA,333,"Nelson Agholor","WR",333
"476",475,"Jacoby Brissett","NE","14","QB70",NA,"",334,NA,NA,334,"Jacoby Brissett","QB",334
"477",476,"Jalen Brooks","DAL","7","WR148",335,"",724,NA,NA,529.5,"Jalen Brooks","WR",529.5
"478",477,"Samori Toure","GB","10","WR149",336,"",682,NA,NA,509,"Samori Toure","WR",509
"479",478,"Anthony Brown Jr.","BUF","12","QB71",339,"",704,NA,NA,521.5,"Anthony Brown Jr.","QB",521.5
"480",479,"Craig Reynolds","DET","5","RB113",NA,"",340,NA,NA,340,"Craig Reynolds","RB",340
"481",480,"Stetson Bennett","LAR","6","QB72",340,"",538,NA,NA,439,"Stetson Bennett","QB",439
"482",481,"Roger Carter Jr.","","","TE68",341,"",NA,NA,NA,341,"Roger Carter Jr.","TE",341
"483",482,"Tutu Atwell","LAR","6","WR150",NA,"",342,NA,NA,342,"Tutu Atwell","WR",342
"484",483,"Treylon Burks","TEN","5","WR151",NA,"",343,NA,NA,343,"Treylon Burks","WR",343
"485",484,"Josh Lambo","","","K48",345,"",NA,NA,NA,345,"Josh Lambo","K",345
"486",485,"Patrick Ricard","BAL","14","RB114",365,"",482,NA,NA,423.5,"Patrick Ricard","RB",423.5
"487",486,"Mitchell Trubisky","BUF","12","QB73",368,"",479,NA,NA,423.5,"Mitchell Trubisky","QB",423.5
"488",487,"Devaughn Vele","DEN","14","WR152",346,"",893,NA,NA,619.5,"Devaughn Vele","WR",619.5
"489",488,"Pharaoh Brown","SEA","10","TE69",412,"",436,NA,NA,424,"Pharaoh Brown","TE",424
"490",489,"Davis Allen","LAR","6","TE70",484,"",367,NA,NA,425.5,"Davis Allen","TE",425.5
"491",490,"Albert Okwuegbunam Jr.","PHI","5","TE71",351,"",805,NA,NA,578,"Albert Okwuegbunam Jr.","TE",578
"492",491,"Justyn Ross","KC","6","WR153",488,"",365,NA,NA,426.5,"Justyn Ross","WR",426.5
"493",492,"Malik Heath","GB","10","WR154",391,"",462,NA,NA,426.5,"Malik Heath","WR",426.5
"494",493,"Shane Zylstra","DET","5","TE72",NA,"",353,NA,NA,353,"Shane Zylstra","TE",353
"495",494,"Ben DiNucci","BUF","12","QB74",355,"",624,NA,NA,489.5,"Ben DiNucci","QB",489.5
"496",495,"Derek Watt","","","RB115",356,"",NA,NA,NA,356,"Derek Watt","RB",356
"497",496,"Trey Palmer","TB","11","WR155",NA,"",357,NA,NA,357,"Trey Palmer","WR",357
"498",497,"Bryce Perkins","","","QB75",358,"",NA,NA,NA,358,"Bryce Perkins","QB",358
"499",498,"Binjimen Victor","","","WR156",359,"",NA,NA,NA,359,"Binjimen Victor","WR",359
"500",499,"Ronnie Bell","SF","9","WR157",437,"",425,NA,NA,431,"Ronnie Bell","WR",431
"501",500,"Tommy Tremble","CAR","11","TE73",362,"",511,NA,NA,436.5,"Tommy Tremble","TE",436.5
"502",501,"Alec Ingold","MIA","6","RB116",363,"",NA,NA,NA,363,"Alec Ingold","RB",363
"503",502,"Sam Howell","SEA","10","QB76",NA,"",364,NA,NA,364,"Sam Howell","QB",364
"504",503,"Marquez Valdes-Scantling","BUF","12","WR158",379,"",486,NA,NA,432.5,"Marquez Valdes-Scantling","WR",432.5
"505",504,"Lil'Jordan Humphrey","DEN","14","WR159",366,"",NA,NA,NA,366,"Lil'Jordan Humphrey","WR",366
"506",505,"Will Mallory","IND","14","TE74",NA,"",366,NA,NA,366,"Will Mallory","TE",366
"507",506,"Matt Barkley","","","QB77",367,"",NA,NA,NA,367,"Matt Barkley","QB",367
"508",507,"Grant Calcaterra","PHI","5","TE75",370,"",524,NA,NA,447,"Grant Calcaterra","TE",447
"509",508,"Cameron Latu","SF","9","TE76",371,"",540,NA,NA,455.5,"Cameron Latu","TE",455.5
"510",509,"Britain Covey","PHI","5","WR160",372,"",525,NA,NA,448.5,"Britain Covey","WR",448.5
"511",510,"Velus Jones Jr.","CHI","7","WR161",375,"",518,NA,NA,446.5,"Velus Jones Jr.","WR",446.5
"512",511,"Ty Johnson","BUF","12","RB117",NA,"",376,NA,NA,376,"Ty Johnson","RB",376
"513",512,"Josh Johnson","BAL","14","QB78",376,"",550,NA,NA,463,"Josh Johnson","QB",463
"514",513,"James McCourt","","","K49",378,"",NA,NA,NA,378,"James McCourt","K",378
"515",514,"Austin Seibert","NYJ","12","K50",381,"",608,NA,NA,494.5,"Austin Seibert","K",494.5
"516",515,"Pierre Strong Jr.","CLE","10","RB118",382,"",695,NA,NA,538.5,"Pierre Strong Jr.","RB",538.5
"517",516,"Parker Washington","JAC","12","WR162",428,"",456,NA,NA,442,"Parker Washington","WR",442
"518",517,"Jacob Cowing","SF","9","WR163",383,"",770,NA,NA,576.5,"Jacob Cowing","WR",576.5
"519",518,"Tre'Quan Smith","DET","5","WR164",386,"",784,NA,NA,585,"Tre'Quan Smith","WR",585
"520",519,"Jashaun Corbin","","","RB119",387,"",714,NA,NA,550.5,"Jashaun Corbin","RB",550.5
"521",520,"Marcedes Lewis","CHI","7","TE77",388,"",551,NA,NA,469.5,"Marcedes Lewis","TE",469.5
"522",521,"Stanley Berryhill","III","","WR165",389,"",NA,NA,NA,389,"Stanley Berryhill","WR",389
"523",522,"Israel Abanikanda","NYJ","12","RB120",NA,"",391,NA,NA,391,"Israel Abanikanda","RB",391
"524",523,"Mohamed Ibrahim","MIN","6","RB121",392,"",NA,NA,NA,392,"Mohamed Ibrahim","RB",392
"525",524,"Jha'Quan Jackson","TEN","5","WR166",393,"",894,NA,NA,643.5,"Jha'Quan Jackson","WR",643.5
"526",525,"Trishton Jackson","MIN","6","WR167",394,"",633,NA,NA,513.5,"Trishton Jackson","WR",513.5
"527",526,"Ryan Tannehill","","","QB79",424,"",472,NA,NA,448,"Ryan Tannehill","QB",448
"528",527,"Gunner Olszewski","NYG","11","WR168",396,"",619,NA,NA,507.5,"Gunner Olszewski","WR",507.5
"529",528,"Leonard Fournette","","","RB122",397,"",NA,NA,NA,397,"Leonard Fournette","RB",397
"530",529,"Charlie Smyth","NO","12","K51",NA,"",398,NA,NA,398,"Charlie Smyth","K",398
"531",530,"AJ Barner","SEA","10","TE78",NA,"",400,NA,NA,400,"AJ Barner","TE",400
"532",531,"Jake Funk","DET","5","RB123",400,"",512,NA,NA,456,"Jake Funk","RB",456
"533",532,"Ameer Abdullah","LV","10","RB124",NA,"",401,NA,NA,401,"Ameer Abdullah","RB",401
"534",533,"Justin Jackson","","","RB125",402,"",NA,NA,NA,402,"Justin Jackson","RB",402
"535",534,"Robbie Gould","","","K52",403,"",NA,NA,NA,403,"Robbie Gould","K",403
"536",535,"Johnny Mundt","MIN","6","TE79",NA,"",405,NA,NA,405,"Johnny Mundt","TE",405
"537",536,"DeeJay Dallas","ARI","11","RB126",405,"",507,NA,NA,456,"DeeJay Dallas","RB",456
"538",537,"Frank Gore Jr.","BUF","12","RB127",NA,"",406,NA,NA,406,"Frank Gore Jr.","RB",406
"539",538,"Dare Ogunbowale","HOU","14","RB128",NA,"",407,NA,NA,407,"Dare Ogunbowale","RB",407
"540",539,"Ray-Ray McCloud III","ATL","12","WR169",NA,"",408,NA,NA,408,"Ray-Ray McCloud III","WR",408
"541",540,"Jordan Travis","NYJ","12","QB80",408,"",768,NA,NA,588,"Jordan Travis","QB",588
"542",541,"Henry Pearson","GB","10","RB129",409,"",739,NA,NA,574,"Henry Pearson","RB",574
"543",542,"Darrell Henderson Jr.","","","RB130",410,"",NA,NA,NA,410,"Darrell Henderson Jr.","RB",410
"544",543,"Tyrod Taylor","NYJ","12","QB81",442,"",469,NA,NA,455.5,"Tyrod Taylor","QB",455.5
"545",544,"James Turner","","","K53",NA,"",411,NA,NA,411,"James Turner","K",411
"546",545,"Emanuel Wilson","GB","10","RB131",449,"",464,NA,NA,456.5,"Emanuel Wilson","RB",456.5
"547",546,"James Proche II","CLE","10","WR170",413,"",621,NA,NA,517,"James Proche II","WR",517
"548",547,"Randy Bullock","","","K54",414,"",NA,NA,NA,414,"Randy Bullock","K",414
"549",548,"Benny Snell Jr.","","","RB132",417,"",NA,NA,NA,417,"Benny Snell Jr.","RB",417
"550",549,"Michael Carter","ARI","11","RB133",NA,"",417,NA,NA,417,"Michael Carter","RB",417
"551",550,"Jimmy Graham","","","TE80",418,"",NA,NA,NA,418,"Jimmy Graham","TE",418
"552",551,"River Cracraft","MIA","6","WR171",436,"",483,NA,NA,459.5,"River Cracraft","WR",459.5
"553",552,"Willie Snead IV","MIA","6","WR172",420,"",556,NA,NA,488,"Willie Snead IV","WR",488
"554",553,"Malik Davis","DAL","7","RB134",NA,"",421,NA,NA,421,"Malik Davis","RB",421
"555",554,"Quez Watkins","PIT","9","WR173",479,"",443,NA,NA,461,"Quez Watkins","WR",461
"556",555,"Easton Stick","LAC","5","QB82",421,"",609,NA,NA,515,"Easton Stick","QB",515
"557",556,"Drew Sample","CIN","12","TE81",423,"",791,NA,NA,607,"Drew Sample","TE",607
"558",557,"Olamide Zaccheaus","WAS","14","WR174",425,"",610,NA,NA,517.5,"Olamide Zaccheaus","WR",517.5
"559",558,"Emari Demercado","ARI","11","RB135",NA,"",426,NA,NA,426,"Emari Demercado","RB",426
"560",559,"Kellen Mond","","","QB83",426,"",828,NA,NA,627,"Kellen Mond","QB",627
"561",560,"Travis Homer","CHI","7","RB136",427,"",604,NA,NA,515.5,"Travis Homer","RB",515.5
"562",561,"Ryan Succop","","","K55",430,"",NA,NA,NA,430,"Ryan Succop","K",430
"563",562,"Jalen Wydermyer","","","TE82",431,"",NA,NA,NA,431,"Jalen Wydermyer","TE",431
"564",563,"Zach Pascal","ARI","11","WR175",432,"",574,NA,NA,503,"Zach Pascal","WR",503
"565",564,"Chris Brooks","MIA","6","RB137",433,"",544,NA,NA,488.5,"Chris Brooks","RB",488.5
"566",565,"Max Duggan","","","QB84",434,"",859,NA,NA,646.5,"Max Duggan","QB",646.5
"567",566,"Mason Rudolph","TEN","5","QB85",451,"",485,NA,NA,468,"Mason Rudolph","QB",468
"568",567,"Drew Ogletree","IND","14","TE83",435,"",688,NA,NA,561.5,"Drew Ogletree","TE",561.5
"569",568,"Scotty Miller","PIT","9","WR176",441,"",497,NA,NA,469,"Scotty Miller","WR",469
"570",569,"Will Dissly","LAC","5","TE84",NA,"",438,NA,NA,438,"Will Dissly","TE",438
"571",570,"Qadree Ollison","","","RB138",438,"",NA,NA,NA,438,"Qadree Ollison","RB",438
"572",571,"Matt Breida","SF","9","RB139",458,"",481,NA,NA,469.5,"Matt Breida","RB",469.5
"573",572,"Foster Moreau","NO","12","TE85",NA,"",439,NA,NA,439,"Foster Moreau","TE",439
"574",573,"Robbie Chosen","SF","9","WR177",439,"",568,NA,NA,503.5,"Robbie Chosen","WR",503.5
"575",574,"Donald Parham Jr.","LAC","5","TE86",NA,"",440,NA,NA,440,"Donald Parham Jr.","TE",440
"576",575,"DeAndre Carter","CHI","7","WR178",440,"",776,NA,NA,608,"DeAndre Carter","WR",608
"577",576,"KJ Hamler","BUF","12","WR179",NA,"",442,NA,NA,442,"KJ Hamler","WR",442
"578",577,"Allen Robinson II","NYG","11","WR180",443,"",NA,NA,NA,443,"Allen Robinson II","WR",443
"579",578,"Marcus Mariota","WAS","14","QB86",471,"",473,NA,NA,472,"Marcus Mariota","QB",472
"580",579,"Salvon Ahmed","","","RB140",NA,"",444,NA,NA,444,"Salvon Ahmed","RB",444
"581",580,"Chase Allen","","","TE87",444,"",NA,NA,NA,444,"Chase Allen","TE",444
"582",581,"Jordan Akins","CLE","10","TE88",457,"",489,NA,NA,473,"Jordan Akins","TE",473
"583",582,"Tom Kennedy","DET","5","WR181",445,"",802,NA,NA,623.5,"Tom Kennedy","WR",623.5
"584",583,"Dez Fitzpatrick","PIT","9","WR182",NA,"",446,NA,NA,446,"Dez Fitzpatrick","WR",446
"585",584,"Andrew Beck","HOU","14","TE89",452,"",495,NA,NA,473.5,"Andrew Beck","TE",473.5
"586",585,"Lucky Jackson","MIN","6","WR183",482,"",465,NA,NA,473.5,"Lucky Jackson","WR",473.5
"587",586,"Maurice Alexander","DET","5","WR184",446,"",721,NA,NA,583.5,"Maurice Alexander","WR",583.5
"588",587,"Martavis Bryant","WAS","14","WR185",447,"",554,NA,NA,500.5,"Martavis Bryant","WR",500.5
"589",588,"Deonte Harty","BAL","14","WR186",448,"",617,NA,NA,532.5,"Deonte Harty","WR",532.5
"590",589,"Mack Hollins","BUF","12","WR187",470,"",480,NA,NA,475,"Mack Hollins","WR",475
"591",590,"David Bell","CLE","10","WR188",NA,"",450,NA,NA,450,"David Bell","WR",450
"592",591,"Isaiah Hodgins","NYG","11","WR189",450,"",502,NA,NA,476,"Isaiah Hodgins","WR",476
"593",592,"Dareke Young","SEA","10","WR190",NA,"",452,NA,NA,452,"Dareke Young","WR",452
"594",593,"Colson Yankoff","WAS","14","TE90",NA,"",453,NA,NA,453,"Colson Yankoff","TE",453
"595",594,"Case Keenum","HOU","14","QB87",453,"",552,NA,NA,502.5,"Case Keenum","QB",502.5
"596",595,"Laquon Treadwell","IND","14","WR191",454,"",NA,NA,NA,454,"Laquon Treadwell","WR",454
"597",596,"Peyton Hendershot","DAL","7","TE91",NA,"",454,NA,NA,454,"Peyton Hendershot","TE",454
"598",597,"Sterling Shepard","TB","11","WR192",480,"",475,NA,NA,477.5,"Sterling Shepard","WR",477.5
"599",598,"Trent Sherfield Sr.","MIN","6","WR193",464,"",492,NA,NA,478,"Trent Sherfield Sr.","WR",478
"600",599,"Tyron Billy-Johnson","DAL","7","WR194",455,"",613,NA,NA,534,"Tyron Billy-Johnson","WR",534
"601",600,"Laviska Shenault Jr.","SEA","10","WR195",456,"",506,NA,NA,481,"Laviska Shenault Jr.","WR",481
"602",601,"Zach Evans","LAR","6","RB141",NA,"",457,NA,NA,457,"Zach Evans","RB",457
"603",602,"Kenny McIntosh","SEA","10","RB142",NA,"",458,NA,NA,458,"Kenny McIntosh","RB",458
"604",603,"Chris Rodriguez Jr.","WAS","14","RB143",NA,"",459,NA,NA,459,"Chris Rodriguez Jr.","RB",459
"605",604,"Nick Mullens","MIN","6","QB88",459,"",577,NA,NA,518,"Nick Mullens","QB",518
"606",605,"Chris Streveler","","","QB89",460,"",NA,NA,NA,460,"Chris Streveler","QB",460
"607",606,"Owen Wright","BAL","14","RB144",NA,"",460,NA,NA,460,"Owen Wright","RB",460
"608",607,"Xazavian Valladay","NYJ","12","RB145",461,"",871,NA,NA,666,"Xazavian Valladay","RB",666
"609",608,"Xavier Hutchinson","HOU","14","WR196",462,"",856,NA,NA,659,"Xavier Hutchinson","WR",659
"610",609,"E.J. Jenkins","PHI","5","TE92",NA,"",463,NA,NA,463,"E.J. Jenkins","TE",463
"611",610,"Lucas Krull","DEN","14","TE93",463,"",529,NA,NA,496,"Lucas Krull","TE",496
"612",611,"Boston Scott","LAR","6","RB146",474,"",491,NA,NA,482.5,"Boston Scott","RB",482.5
"613",612,"Russell Gage","BAL","14","WR197",465,"",588,NA,NA,526.5,"Russell Gage","WR",526.5
"614",613,"Kenyan Drake","","","RB147",466,"",NA,NA,NA,466,"Kenyan Drake","RB",466
"615",614,"Jaheim Bell","NE","14","TE94",NA,"",467,NA,NA,467,"Jaheim Bell","TE",467
"616",615,"DJ Turner","LV","10","WR198",467,"",652,NA,NA,559.5,"DJ Turner","WR",559.5
"617",616,"Dee Eskridge","SEA","10","WR199",468,"",514,NA,NA,491,"Dee Eskridge","WR",491
"618",617,"Derius Davis","LAC","5","WR200",469,"",735,NA,NA,602,"Derius Davis","WR",602
"619",618,"Brandon Bolden","","","RB148",NA,"",471,NA,NA,471,"Brandon Bolden","RB",471
"620",619,"D","","'Vonte Price","",NA,"RB149",472,NA,NA,NA,"D","",NA
"621",NA,"472.0","","","",NA,"",NA,NA,NA,NA,"472.0","",NA
"622",620,"Collin Johnson","CHI","7","WR201",473,"",630,NA,NA,551.5,"Collin Johnson","WR",551.5
"623",621,"Chris Conley","SF","9","WR202",NA,"",474,NA,NA,474,"Chris Conley","WR",474
"624",622,"Tyree Jackson","","","TE95",475,"",596,NA,NA,535.5,"Tyree Jackson","TE",535.5
"625",623,"Brandon Allen","SF","9","QB90",NA,"",476,NA,NA,476,"Brandon Allen","QB",476
"626",624,"Isaiah McKenzie","NYG","11","WR203",476,"",571,NA,NA,523.5,"Isaiah McKenzie","WR",523.5
"627",625,"Casey Washington","ATL","12","WR204",477,"",890,NA,NA,683.5,"Casey Washington","WR",683.5
"628",626,"C.J. Beathard","JAC","12","QB91",NA,"",478,NA,NA,478,"C.J. Beathard","QB",478
"629",627,"Tre' McKitty","BUF","12","TE96",478,"",513,NA,NA,495.5,"Tre' McKitty","TE",495.5
"630",628,"Patrick Taylor Jr.","SF","9","RB150",481,"",505,NA,NA,493,"Patrick Taylor Jr.","RB",493
"631",629,"A.J. Green","","","WR205",483,"",NA,NA,NA,483,"A.J. Green","WR",483
"632",630,"Nyheim Hines","CLE","10","RB151",NA,"",484,NA,NA,484,"Nyheim Hines","RB",484
"633",631,"Jacob Eason","","","QB92",485,"",628,NA,NA,556.5,"Jacob Eason","QB",556.5
"634",632,"Davis Mills","HOU","14","QB93",486,"",657,NA,NA,571.5,"Davis Mills","QB",571.5
"635",633,"Ben Sims","GB","10","TE97",487,"",877,NA,NA,682,"Ben Sims","TE",682
"636",634,"Cedrick Wilson Jr.","NO","12","WR206",NA,"",488,NA,NA,488,"Cedrick Wilson Jr.","WR",488
"637",635,"Ryan Flournoy","DAL","7","WR207",489,"",762,NA,NA,625.5,"Ryan Flournoy","WR",625.5
"638",636,"Tyrion Davis-Price","PHI","5","RB152",490,"",701,NA,NA,595.5,"Tyrion Davis-Price","RB",595.5
"639",637,"Ryan Griffin","","","QB94",491,"",NA,NA,NA,491,"Ryan Griffin","QB",491
"640",638,"Matt Ammendola","","","K56",492,"",NA,NA,NA,492,"Matt Ammendola","K",492
"641",639,"Spencer Shrader","IND","14","K57",NA,"",493,NA,NA,493,"Spencer Shrader","K",493
"642",640,"Michael Burton","DEN","14","RB153",493,"",562,NA,NA,527.5,"Michael Burton","RB",527.5
"643",641,"Trayveon Williams","CIN","12","RB154",NA,"",494,NA,NA,494,"Trayveon Williams","RB",494
"644",642,"Logan Woodside","CIN","12","QB95",494,"",587,NA,NA,540.5,"Logan Woodside","QB",540.5
"645",643,"Dante Miller","NYG","11","RB155",495,"",766,NA,NA,630.5,"Dante Miller","RB",630.5
"646",644,"James Mitchell","DET","5","TE98",496,"",519,NA,NA,507.5,"James Mitchell","TE",507.5
"647",645,"Terique Owens","","","WR208",NA,"",498,NA,NA,498,"Terique Owens","WR",498
"648",646,"Sean Tucker","TB","11","RB156",498,"",545,NA,NA,521.5,"Sean Tucker","RB",521.5
"649",647,"Jerick McKinnon","","","RB157",499,"",NA,NA,NA,499,"Jerick McKinnon","RB",499
"650",648,"Devin Duvernay","JAC","12","WR209",NA,"",500,NA,NA,500,"Devin Duvernay","WR",500
"651",649,"Tyler Huntley","CLE","10","QB96",NA,"",501,NA,NA,501,"Tyler Huntley","QB",501
"652",650,"Harrison Bryant","LV","10","TE99",NA,"",504,NA,NA,504,"Harrison Bryant","TE",504
"653",651,"Reggie Gilliam","BUF","12","RB158",NA,"",508,NA,NA,508,"Reggie Gilliam","RB",508
"654",652,"Nick Westbrook-Ikhine","TEN","5","WR210",NA,"",509,NA,NA,509,"Nick Westbrook-Ikhine","WR",509
"655",653,"Lawrence Cager","NYG","11","WR211",NA,"",510,NA,NA,510,"Lawrence Cager","WR",510
"656",654,"John Bates","WAS","14","TE100",NA,"",515,NA,NA,515,"John Bates","TE",515
"657",655,"Jack Stoll","NYG","11","TE101",NA,"",516,NA,NA,516,"Jack Stoll","TE",516
"658",656,"John FitzPatrick","ATL","12","TE102",NA,"",517,NA,NA,517,"John FitzPatrick","TE",517
"659",657,"Tyler Goodson","IND","14","RB159",NA,"",520,NA,NA,520,"Tyler Goodson","RB",520
"660",658,"Bailey Zappe","NE","14","QB97",NA,"",522,NA,NA,522,"Bailey Zappe","QB",522
"661",659,"Jeremy Ruckert","NYJ","12","TE103",NA,"",523,NA,NA,523,"Jeremy Ruckert","TE",523
"662",660,"Danny Gray","SF","9","WR212",NA,"",526,NA,NA,526,"Danny Gray","WR",526
"663",661,"Brandon Johnson","DEN","14","WR213",NA,"",527,NA,NA,527,"Brandon Johnson","WR",527
"664",662,"Samson Nacua","NO","12","WR214",NA,"",528,NA,NA,528,"Samson Nacua","WR",528
"665",663,"John Parker Romo","","","K58",NA,"",530,NA,NA,530,"John Parker Romo","K",530
"666",664,"Ronnie Rivers","LAR","6","RB160",NA,"",531,NA,NA,531,"Ronnie Rivers","RB",531
"667",665,"Dorian Thompson-Robinson","CLE","10","QB98",NA,"",533,NA,NA,533,"Dorian Thompson-Robinson","QB",533
"668",666,"Cedric Tillman","CLE","10","WR215",NA,"",534,NA,NA,534,"Cedric Tillman","WR",534
"669",667,"Josh Whyle","TEN","5","TE104",NA,"",536,NA,NA,536,"Josh Whyle","TE",536
"670",668,"Brenton Strange","JAC","12","TE105",NA,"",537,NA,NA,537,"Brenton Strange","TE",537
"671",669,"Duece Watts","PIT","9","WR216",NA,"",541,NA,NA,541,"Duece Watts","WR",541
"672",670,"Xavier Gipson","NYJ","12","WR217",NA,"",542,NA,NA,542,"Xavier Gipson","WR",542
"673",671,"Princeton Fant","DAL","7","TE106",NA,"",543,NA,NA,543,"Princeton Fant","TE",543
"674",672,"Kazmeir Allen","WAS","14","WR218",NA,"",546,NA,NA,546,"Kazmeir Allen","WR",546
"675",673,"Jase McClellan","ATL","12","RB161",NA,"",547,NA,NA,547,"Jase McClellan","RB",547
"676",674,"Jamari Thrash","CLE","10","WR219",NA,"",548,NA,NA,548,"Jamari Thrash","WR",548
"677",675,"Keilan Robinson","JAC","12","RB162",NA,"",549,NA,NA,549,"Keilan Robinson","RB",549
"678",676,"Jude McAtamney","NYG","11","K59",NA,"",553,NA,NA,553,"Jude McAtamney","K",553
"679",677,"Logan Thomas","SF","9","TE107",NA,"",555,NA,NA,555,"Logan Thomas","TE",555
"680",678,"DeVante Parker","","","WR220",NA,"",558,NA,NA,558,"DeVante Parker","WR",558
"681",679,"Jamison Crowder","WAS","14","WR221",NA,"",559,NA,NA,559,"Jamison Crowder","WR",559
"682",680,"Phillip Dorsett II","DEN","14","WR222",NA,"",560,NA,NA,560,"Phillip Dorsett II","WR",560
"683",681,"Chris Manhertz","NYG","11","TE108",NA,"",561,NA,NA,561,"Chris Manhertz","TE",561
"684",682,"Taylor Heinicke","ATL","12","QB99",NA,"",563,NA,NA,563,"Taylor Heinicke","QB",563
"685",683,"Chris Moore","ARI","11","WR223",NA,"",564,NA,NA,564,"Chris Moore","WR",564
"686",684,"Jeff Driskel","WAS","14","QB100",NA,"",565,NA,NA,565,"Jeff Driskel","QB",565
"687",685,"Nate Sudfeld","DET","5","QB101",NA,"",566,NA,NA,566,"Nate Sudfeld","QB",566
"688",686,"Harrison Mevis","","","K60",NA,"",567,NA,NA,567,"Harrison Mevis","K",567
"689",687,"John Ross","PHI","5","WR224",NA,"",569,NA,NA,569,"John Ross","WR",569
"690",688,"Eric Saubert","SF","9","TE109",NA,"",570,NA,NA,570,"Eric Saubert","TE",570
"691",689,"Trent Taylor","SF","9","WR225",NA,"",572,NA,NA,572,"Trent Taylor","WR",572
"692",690,"Tarik Cohen","","","RB163",NA,"",573,NA,NA,573,"Tarik Cohen","RB",573
"693",691,"P.J. Walker","SEA","10","QB102",NA,"",575,NA,NA,575,"P.J. Walker","QB",575
"694",692,"Anthony Firkser","NYJ","12","TE110",NA,"",576,NA,NA,576,"Anthony Firkser","TE",576
"695",693,"Robert Tonyan","MIN","6","TE111",NA,"",578,NA,NA,578,"Robert Tonyan","TE",578
"696",694,"Daurice Fountain","DET","5","WR226",NA,"",579,NA,NA,579,"Daurice Fountain","WR",579
"697",695,"Chase Edmonds","TB","11","RB164",NA,"",580,NA,NA,580,"Chase Edmonds","RB",580
"698",696,"Godwin Igwebuike","","","RB165",NA,"",582,NA,NA,582,"Godwin Igwebuike","RB",582
"699",697,"Ian Thomas","CAR","11","TE112",NA,"",584,NA,NA,584,"Ian Thomas","TE",584
"700",698,"James Washington","","","WR227",NA,"",585,NA,NA,585,"James Washington","WR",585
"701",699,"David Wells","TB","11","TE113",NA,"",586,NA,NA,586,"David Wells","TE",586
"702",700,"Mike Boone","CAR","11","RB166",NA,"",589,NA,NA,589,"Mike Boone","RB",589
"703",701,"Keith Kirkwood","BAL","14","WR228",NA,"",590,NA,NA,590,"Keith Kirkwood","WR",590
"704",702,"KhaDarel Hodge","ATL","12","WR229",NA,"",591,NA,NA,591,"KhaDarel Hodge","WR",591
"705",703,"Malik Turner","SF","9","WR230",NA,"",592,NA,NA,592,"Malik Turner","WR",592
"706",704,"John Wolford","TB","11","QB103",NA,"",593,NA,NA,593,"John Wolford","QB",593
"707",705,"Myles Gaskin","MIN","6","RB167",NA,"",594,NA,NA,594,"Myles Gaskin","RB",594
"708",706,"Jason Bean","IND","14","QB104",NA,"",595,NA,NA,595,"Jason Bean","QB",595
"709",707,"Ahmarean Brown","CLE","10","WR231",NA,"",597,NA,NA,597,"Ahmarean Brown","WR",597
"710",708,"Stanley Morgan Jr.","NO","12","WR232",NA,"",598,NA,NA,598,"Stanley Morgan Jr.","WR",598
"711",709,"Baylor Cupp","KC","6","TE114",NA,"",599,NA,NA,599,"Baylor Cupp","TE",599
"712",710,"Miles Boykin","NYG","11","WR233",NA,"",600,NA,NA,600,"Miles Boykin","WR",600
"713",711,"Dallin Holker","NO","12","TE115",NA,"",601,NA,NA,601,"Dallin Holker","TE",601
"714",712,"Zach Gentry","LV","10","TE116",NA,"",602,NA,NA,602,"Zach Gentry","TE",602
"715",713,"N'Keal Harry","MIN","6","WR234",NA,"",603,NA,NA,603,"N'Keal Harry","WR",603
"716",714,"Brayden Narveson","TEN","5","K61",NA,"",605,NA,NA,605,"Brayden Narveson","K",605
"717",715,"Nathaniel Peat","DAL","7","RB168",NA,"",606,NA,NA,606,"Nathaniel Peat","RB",606
"718",716,"Brett Rypien","CHI","7","QB105",NA,"",607,NA,NA,607,"Brett Rypien","QB",607
"719",717,"Jalen Guyton","LV","10","WR235",NA,"",611,NA,NA,611,"Jalen Guyton","WR",611
"720",718,"Alex Hale","GB","10","K62",NA,"",612,NA,NA,612,"Alex Hale","K",612
"721",719,"Isaiah Wooden","LAC","5","WR236",NA,"",614,NA,NA,614,"Isaiah Wooden","WR",614
"722",720,"Malik Taylor","NYJ","12","WR237",NA,"",615,NA,NA,615,"Malik Taylor","WR",615
"723",721,"Stephen Carlson","CHI","7","TE117",NA,"",616,NA,NA,616,"Stephen Carlson","TE",616
"724",722,"D'Ernest Johnson","JAC","12","RB169",NA,"",618,NA,NA,618,"D'Ernest Johnson","RB",618
"725",723,"Derrick Gore","","","RB170",NA,"",620,NA,NA,620,"Derrick Gore","RB",620
"726",724,"Jake Fromm","DET","5","QB106",NA,"",622,NA,NA,622,"Jake Fromm","QB",622
"727",725,"Jacques Patrick","","","RB171",NA,"",623,NA,NA,623,"Jacques Patrick","RB",623
"728",726,"Sean McKeon","DET","5","TE118",NA,"",625,NA,NA,625,"Sean McKeon","TE",625
"729",727,"Tyrie Cleveland","IND","14","WR238",NA,"",626,NA,NA,626,"Tyrie Cleveland","WR",626
"730",728,"Josiah Deguara","JAC","12","TE119",NA,"",627,NA,NA,627,"Josiah Deguara","TE",627
"731",729,"Tyler Davis","GB","10","TE120",NA,"",629,NA,NA,629,"Tyler Davis","TE",629
"732",730,"James Robinson","NO","12","RB172",NA,"",632,NA,NA,632,"James Robinson","RB",632
"733",731,"Easop Winston Jr.","SEA","10","WR239",NA,"",634,NA,NA,634,"Easop Winston Jr.","WR",634
"734",732,"Dan Chisena","ARI","11","WR240",NA,"",635,NA,NA,635,"Dan Chisena","WR",635
"735",733,"Dalton Keene","HOU","14","TE121",NA,"",636,NA,NA,636,"Dalton Keene","TE",636
"736",734,"Denzel Mims","JAC","12","WR241",NA,"",638,NA,NA,638,"Denzel Mims","WR",638
"737",735,"La'Mical Perine","PIT","9","RB173",NA,"",639,NA,NA,639,"La'Mical Perine","RB",639
"738",736,"Jonathan Ward","PIT","9","RB174",NA,"",640,NA,NA,640,"Jonathan Ward","RB",640
"739",737,"Joshua Kelley","NYG","11","RB175",NA,"",641,NA,NA,641,"Joshua Kelley","RB",641
"740",738,"JaMycal Hasty","NE","14","RB176",NA,"",642,NA,NA,642,"JaMycal Hasty","RB",642
"741",739,"Tyler Mabry","SEA","10","TE122",NA,"",643,NA,NA,643,"Tyler Mabry","TE",643
"742",740,"Freddie Swain","","","WR242",NA,"",644,NA,NA,644,"Freddie Swain","WR",644
"743",741,"Ke'Shawn Vaughn","SF","9","RB177",NA,"",645,NA,NA,645,"Ke'Shawn Vaughn","RB",645
"744",742,"Marquez Callaway","","","WR243",NA,"",646,NA,NA,646,"Marquez Callaway","WR",646
"745",743,"Kristian Wilkerson","LV","10","WR244",NA,"",647,NA,NA,647,"Kristian Wilkerson","WR",647
"746",744,"Spencer Brown","ATL","12","RB178",NA,"",648,NA,NA,648,"Spencer Brown","RB",648
"747",745,"Tarik Black","","","WR245",NA,"",649,NA,NA,649,"Tarik Black","WR",649
"748",746,"Deon Jackson","NYJ","12","RB179",NA,"",650,NA,NA,650,"Deon Jackson","RB",650
"749",747,"Tim Jones","JAC","12","WR246",NA,"",651,NA,NA,651,"Tim Jones","WR",651
"750",748,"Kenny Yeboah","NYJ","12","TE123",NA,"",653,NA,NA,653,"Kenny Yeboah","TE",653
"751",749,"Mathew Sexton","","","WR247",NA,"",654,NA,NA,654,"Mathew Sexton","WR",654
"752",750,"Sammis Reyes","MIN","6","TE124",NA,"",655,NA,NA,655,"Sammis Reyes","TE",655
"753",751,"Terrace Marshall Jr.","CAR","11","WR248",NA,"",656,NA,NA,656,"Terrace Marshall Jr.","WR",656
"754",752,"Sam Ehlinger","IND","14","QB107",NA,"",658,NA,NA,658,"Sam Ehlinger","QB",658
"755",753,"Cornell Powell","KC","6","WR249",NA,"",659,NA,NA,659,"Cornell Powell","WR",659
"756",754,"Jacob Harris","PHI","5","TE125",NA,"",660,NA,NA,660,"Jacob Harris","TE",660
"757",755,"Ben Skowronek","HOU","14","WR250",NA,"",661,NA,NA,661,"Ben Skowronek","WR",661
"758",756,"Hunter Long","LAR","6","TE126",NA,"",662,NA,NA,662,"Hunter Long","TE",662
"759",757,"Zach Davidson","BUF","12","TE127",NA,"",663,NA,NA,663,"Zach Davidson","TE",663
"760",758,"Ihmir Smith-Marsette","CAR","11","WR251",NA,"",664,NA,NA,664,"Ihmir Smith-Marsette","WR",664
"761",759,"Kawaan Baker","NE","14","WR252",NA,"",665,NA,NA,665,"Kawaan Baker","WR",665
"762",760,"Ian Book","KC","6","QB108",NA,"",666,NA,NA,666,"Ian Book","QB",666
"763",761,"Kyle Trask","TB","11","QB109",NA,"",667,NA,NA,667,"Kyle Trask","QB",667
"764",762,"Quintin Morris","BUF","12","TE128",NA,"",668,NA,NA,668,"Quintin Morris","TE",668
"765",763,"Adam Prentice","NO","12","RB180",NA,"",669,NA,NA,669,"Adam Prentice","RB",669
"766",764,"Emani Bailey","KC","6","RB181",NA,"",670,NA,NA,670,"Emani Bailey","RB",670
"767",765,"Austin Watkins Jr.","PHI","5","WR253",NA,"",671,NA,NA,671,"Austin Watkins Jr.","WR",671
"768",766,"Jaret Patterson","LAC","5","RB182",NA,"",672,NA,NA,672,"Jaret Patterson","RB",672
"769",767,"Dylan Leonard","","","TE129",NA,"",673,NA,NA,673,"Dylan Leonard","TE",673
"770",768,"Rocky Lombardi","","","QB110",NA,"",674,NA,NA,674,"Rocky Lombardi","QB",674
"771",769,"Desmond Ridder","ARI","11","QB111",NA,"",675,NA,NA,675,"Desmond Ridder","QB",675
"772",770,"Tyler Badie","DEN","14","RB183",NA,"",676,NA,NA,676,"Tyler Badie","RB",676
"773",771,"Charlie Kolar","BAL","14","TE130",NA,"",677,NA,NA,677,"Charlie Kolar","TE",677
"774",772,"Thomas Yassmin","DEN","14","TE131",NA,"",679,NA,NA,679,"Thomas Yassmin","TE",679
"775",773,"Ian Wheeler","CHI","7","RB184",NA,"",680,NA,NA,680,"Ian Wheeler","RB",680
"776",774,"Montrell Washington","KC","6","WR254",NA,"",681,NA,NA,681,"Montrell Washington","WR",681
"777",775,"Isaiah Williams","DET","5","WR255",NA,"",683,NA,NA,683,"Isaiah Williams","WR",683
"778",776,"Jalon Calhoun","DET","5","WR256",NA,"",684,NA,NA,684,"Jalon Calhoun","WR",684
"779",777,"Jack Plummer","CAR","11","QB112",NA,"",685,NA,NA,685,"Jack Plummer","QB",685
"780",778,"Dee Williams","SEA","10","WR257",NA,"",686,NA,NA,686,"Dee Williams","WR",686
"781",779,"Nikola Kalinic","LAR","6","TE132",NA,"",687,NA,NA,687,"Nikola Kalinic","TE",687
"782",780,"Snoop Conner","DAL","7","RB185",NA,"",689,NA,NA,689,"Snoop Conner","RB",689
"783",781,"John Rhys Plumlee","PIT","9","QB113",NA,"",690,NA,NA,690,"John Rhys Plumlee","QB",690
"784",782,"Brittain Brown","LV","10","RB186",NA,"",691,NA,NA,691,"Brittain Brown","RB",691
"785",783,"Erik Ezukanma","MIA","6","WR258",NA,"",692,NA,NA,692,"Erik Ezukanma","WR",692
"786",784,"Skylar Thompson","MIA","6","QB114",NA,"",693,NA,NA,693,"Skylar Thompson","QB",693
"787",785,"Kyle Sheets","KC","6","WR259",NA,"",694,NA,NA,694,"Kyle Sheets","WR",694
"788",786,"Tyquan Thornton","NE","14","WR260",NA,"",696,NA,NA,696,"Tyquan Thornton","WR",696
"789",787,"Jacob Warren","NE","14","TE133",NA,"",697,NA,NA,697,"Jacob Warren","TE",697
"790",788,"Chris Oladokun","KC","6","QB115",NA,"",698,NA,NA,698,"Chris Oladokun","QB",698
"791",789,"Zander Horvath","MIA","6","RB187",NA,"",699,NA,NA,699,"Zander Horvath","RB",699
"792",790,"Isaiah Spiller","LAC","5","RB188",NA,"",700,NA,NA,700,"Isaiah Spiller","RB",700
"793",791,"Trey Knox","MIN","6","TE134",NA,"",702,NA,NA,702,"Trey Knox","TE",702
"794",792,"Ramon Jefferson","TB","11","RB189",NA,"",703,NA,NA,703,"Ramon Jefferson","RB",703
"795",793,"Kyric McGowan","MIA","6","WR261",NA,"",705,NA,NA,705,"Kyric McGowan","WR",705
"796",794,"Austin Jones","WAS","14","RB190",NA,"",706,NA,NA,706,"Austin Jones","RB",706
"797",795,"Tyreik McAllister","LV","10","RB191",NA,"",707,NA,NA,707,"Tyreik McAllister","RB",707
"798",796,"Julius Chestnut","TEN","5","RB192",NA,"",708,NA,NA,708,"Julius Chestnut","RB",708
"799",797,"Troy Hairston II","HOU","14","RB193",NA,"",709,NA,NA,709,"Troy Hairston II","RB",709
"800",798,"Cody Schrader","SF","9","RB194",NA,"",710,NA,NA,710,"Cody Schrader","RB",710
"801",799,"Kedon Slovis","IND","14","QB116",NA,"",711,NA,NA,711,"Kedon Slovis","QB",711
"802",800,"Kobe Lewis","SEA","10","RB195",NA,"",712,NA,NA,712,"Kobe Lewis","RB",712
"803",801,"Braylon Sanders","MIA","6","WR262",NA,"",713,NA,NA,713,"Braylon Sanders","WR",713
"804",802,"Tay Martin","SF","9","WR263",NA,"",715,NA,NA,715,"Tay Martin","WR",715
"805",803,"Deven Thompkins","","","WR264",NA,"",716,NA,NA,716,"Deven Thompkins","WR",716
"806",804,"Rodney Williams","PIT","9","TE135",NA,"",718,NA,NA,718,"Rodney Williams","TE",718
"807",805,"Raheem Blackshear","CAR","11","RB196",NA,"",719,NA,NA,719,"Raheem Blackshear","RB",719
"808",806,"Daylen Baldwin","ARI","11","WR265",NA,"",720,NA,NA,720,"Daylen Baldwin","WR",720
"809",807,"Josh Ali","ATL","12","WR266",NA,"",722,NA,NA,722,"Josh Ali","WR",722
"810",808,"Justin Shorter","BUF","12","WR267",NA,"",723,NA,NA,723,"Justin Shorter","WR",723
"811",809,"Antoine Green","","","WR268",NA,"",725,NA,NA,725,"Antoine Green","WR",725
"812",810,"Lew Nichols III","PHI","5","RB197",NA,"",726,NA,NA,726,"Lew Nichols III","RB",726
"813",811,"Evan Hull","IND","14","RB198",NA,"",727,NA,NA,727,"Evan Hull","RB",727
"814",812,"Xavier Smith","LAR","6","WR269",NA,"",729,NA,NA,729,"Xavier Smith","WR",729
"815",813,"Kayshon Boutte","NE","14","WR270",NA,"",731,NA,NA,731,"Kayshon Boutte","WR",731
"816",814,"Zack Kuntz","NYJ","12","TE136",NA,"",732,NA,NA,732,"Zack Kuntz","TE",732
"817",815,"Tanner McKee","PHI","5","QB117",NA,"",733,NA,NA,733,"Tanner McKee","QB",733
"818",816,"Clayton Tune","ARI","11","QB118",NA,"",734,NA,NA,734,"Clayton Tune","QB",734
"819",817,"Brayden Willis","SF","9","TE137",NA,"",736,NA,NA,736,"Brayden Willis","TE",736
"820",818,"Payne Durham","TB","11","TE138",NA,"",737,NA,NA,737,"Payne Durham","TE",737
"821",819,"Travis Vokolek","ARI","11","TE139",NA,"",738,NA,NA,738,"Travis Vokolek","TE",738
"822",820,"Jason Brownlee","NYJ","12","WR271",NA,"",740,NA,NA,740,"Jason Brownlee","WR",740
"823",821,"Brady Russell","SEA","10","TE140",NA,"",741,NA,NA,741,"Brady Russell","TE",741
"824",822,"Nikko Remigio","KC","6","WR272",NA,"",742,NA,NA,742,"Nikko Remigio","WR",742
"825",823,"Jordan Mims","NO","12","RB199",NA,"",743,NA,NA,743,"Jordan Mims","RB",743
"826",824,"Shedrick Jackson","CIN","12","WR273",NA,"",744,NA,NA,744,"Shedrick Jackson","WR",744
"827",825,"Hassan Hall","ARI","11","RB200",NA,"",745,NA,NA,745,"Hassan Hall","RB",745
"828",826,"George Holani","SEA","10","RB201",NA,"",746,NA,NA,746,"George Holani","RB",746
"829",827,"John Stephens Jr.","DAL","7","WR274",NA,"",747,NA,NA,747,"John Stephens Jr.","WR",747
"830",828,"Nate Adkins","DEN","14","TE141",NA,"",748,NA,NA,748,"Nate Adkins","TE",748
"831",829,"Adrian Martinez","NYJ","12","QB119",NA,"",749,NA,NA,749,"Adrian Martinez","QB",749
"832",830,"Jack Podlesny","","","K63",NA,"",750,NA,NA,750,"Jack Podlesny","K",750
"833",831,"Malik Cunningham","BAL","14","QB120",NA,"",751,NA,NA,751,"Malik Cunningham","QB",751
"834",832,"Jack Colletto","PIT","9","RB202",NA,"",752,NA,NA,752,"Jack Colletto","RB",752
"835",833,"Griffin Hebert","PHI","5","TE142",NA,"",753,NA,NA,753,"Griffin Hebert","TE",753
"836",834,"Tre'Shaun Harrison","TEN","5","WR275",NA,"",754,NA,NA,754,"Tre'Shaun Harrison","WR",754
"837",835,"Jacob Copeland","PIT","9","WR276",NA,"",755,NA,NA,755,"Jacob Copeland","WR",755
"838",836,"Elijah Dotson","LAC","5","RB203",NA,"",756,NA,NA,756,"Elijah Dotson","RB",756
"839",837,"Rakim Jarrett","TB","11","WR277",NA,"",757,NA,NA,757,"Rakim Jarrett","WR",757
"840",838,"Ellis Merriweather","GB","10","RB204",NA,"",758,NA,NA,758,"Ellis Merriweather","RB",758
"841",839,"Jordan Murray","IND","14","TE143",NA,"",759,NA,NA,759,"Jordan Murray","TE",759
"842",840,"Joel Wilson","GB","10","TE144",NA,"",760,NA,NA,760,"Joel Wilson","TE",760
"843",841,"Tanner McLachlan","CIN","12","TE145",NA,"",761,NA,NA,761,"Tanner McLachlan","TE",761
"844",842,"Michael Pratt","GB","10","QB121",NA,"",764,NA,NA,764,"Michael Pratt","QB",764
"845",843,"Jawhar Jordan","HOU","14","RB205",NA,"",765,NA,NA,765,"Jawhar Jordan","RB",765
"846",844,"Isaiah Davis","NYJ","12","RB206",NA,"",767,NA,NA,767,"Isaiah Davis","RB",767
"847",845,"Tip Reiman","ARI","11","TE146",NA,"",769,NA,NA,769,"Tip Reiman","TE",769
"848",846,"Devin Culp","TB","11","TE147",NA,"",771,NA,NA,771,"Devin Culp","TE",771
"849",847,"Chris Collier","BAL","14","RB207",NA,"",772,NA,NA,772,"Chris Collier","RB",772
"850",848,"Jarveon Howard","GB","10","RB208",NA,"",773,NA,NA,773,"Jarveon Howard","RB",773
"851",849,"Dayton Wade","BAL","14","WR278",NA,"",774,NA,NA,774,"Dayton Wade","WR",774
"852",850,"Jordan Matthews","CAR","11","WR279",NA,"",775,NA,NA,775,"Jordan Matthews","WR",775
"853",851,"Nick Vannett","TEN","5","TE148",NA,"",778,NA,NA,778,"Nick Vannett","TE",778
"854",852,"Jeremy McNichols","WAS","14","RB209",NA,"",779,NA,NA,779,"Jeremy McNichols","RB",779
"855",853,"Nathan Peterman","LV","10","QB122",NA,"",780,NA,NA,780,"Nathan Peterman","QB",780
"856",854,"John Kelly Jr.","BAL","14","RB210",NA,"",781,NA,NA,781,"John Kelly Jr.","RB",781
"857",855,"Anthony Miller","BAL","14","WR280",NA,"",782,NA,NA,782,"Anthony Miller","WR",782
"858",856,"Jordan Thomas","ATL","12","TE149",NA,"",785,NA,NA,785,"Jordan Thomas","TE",785
"859",857,"Deontay Burnett","DAL","7","WR281",NA,"",786,NA,NA,786,"Deontay Burnett","WR",786
"860",858,"Cam Sims","","","WR282",NA,"",787,NA,NA,787,"Cam Sims","WR",787
"861",859,"Luis Perez","LAC","5","QB123",NA,"",788,NA,NA,788,"Luis Perez","QB",788
"862",860,"Alex McGough","","","QB124",NA,"",789,NA,NA,789,"Alex McGough","QB",789
"863",861,"Tim Boyle","HOU","14","QB125",NA,"",790,NA,NA,790,"Tim Boyle","QB",790
"864",862,"David Sills","DEN","14","WR283",NA,"",792,NA,NA,792,"David Sills","WR",792
"865",863,"Tommy Sweeney","CHI","7","TE150",NA,"",793,NA,NA,793,"Tommy Sweeney","TE",793
"866",864,"Jeff Smith","","","WR284",NA,"",794,NA,NA,794,"Jeff Smith","WR",794
"867",865,"Matt Sokol","PIT","9","TE151",NA,"",795,NA,NA,795,"Matt Sokol","TE",795
"868",866,"Davion Davis","WAS","14","WR285",NA,"",796,NA,NA,796,"Davion Davis","WR",796
"869",867,"Steven Sims Jr.","HOU","14","WR286",NA,"",797,NA,NA,797,"Steven Sims Jr.","WR",797
"870",868,"Austin Walter","","","RB211",NA,"",798,NA,NA,798,"Austin Walter","RB",798
"871",869,"Parker Hesse","DET","5","TE152",NA,"",799,NA,NA,799,"Parker Hesse","TE",799
"872",870,"Alex Bachman","LV","10","WR287",NA,"",800,NA,NA,800,"Alex Bachman","WR",800
"873",871,"Nsimba Webster","CHI","7","WR288",NA,"",801,NA,NA,801,"Nsimba Webster","WR",801
"874",872,"Scotty Washington","","","WR289",NA,"",803,NA,NA,803,"Scotty Washington","WR",803
"875",873,"Mitchell Wilcox","NE","14","TE153",NA,"",804,NA,NA,804,"Mitchell Wilcox","TE",804
"876",874,"Darrynton Evans","BUF","12","RB212",NA,"",806,NA,NA,806,"Darrynton Evans","RB",806
"877",875,"Andre Baccellia","ARI","11","WR290",NA,"",807,NA,NA,807,"Andre Baccellia","WR",807
"878",876,"Tony Jones Jr.","ARI","11","RB213",NA,"",808,NA,NA,808,"Tony Jones Jr.","RB",808
"879",877,"Austin Mack","","","WR291",NA,"",809,NA,NA,809,"Austin Mack","WR",809
"880",878,"Jalen Reagor","NE","14","WR292",NA,"",810,NA,NA,810,"Jalen Reagor","WR",810
"881",879,"Noah Togiai","","","TE154",NA,"",811,NA,NA,811,"Noah Togiai","TE",811
"882",880,"Charlie Woerner","ATL","12","TE155",NA,"",813,NA,NA,813,"Charlie Woerner","TE",813
"883",881,"Tommy Hudson","NO","12","TE156",NA,"",814,NA,NA,814,"Tommy Hudson","TE",814
"884",882,"Mason Kinsey","TEN","5","WR293",NA,"",815,NA,NA,815,"Mason Kinsey","WR",815
"885",883,"Chris Blair","ATL","12","WR294",NA,"",816,NA,NA,816,"Chris Blair","WR",816
"886",884,"Mike Strachan","CAR","11","WR295",NA,"",817,NA,NA,817,"Mike Strachan","WR",817
"887",885,"Avery Williams","ATL","12","RB214",NA,"",818,NA,NA,818,"Avery Williams","RB",818
"888",886,"Ben Mason","","","RB215",NA,"",819,NA,NA,819,"Ben Mason","RB",819
"889",887,"Shi Smith","","","WR296",NA,"",820,NA,NA,820,"Shi Smith","WR",820
"890",888,"Demetric Felton Jr.","IND","14","RB216",NA,"",821,NA,NA,821,"Demetric Felton Jr.","RB",821
"891",889,"Simi Fehoko","LAC","5","WR297",NA,"",822,NA,NA,822,"Simi Fehoko","WR",822
"892",890,"Seth Williams","JAC","12","WR298",NA,"",823,NA,NA,823,"Seth Williams","WR",823
"893",891,"Racey McMath","DAL","7","WR299",NA,"",824,NA,NA,824,"Racey McMath","WR",824
"894",892,"Jalen Camp","","","WR300",NA,"",825,NA,NA,825,"Jalen Camp","WR",825
"895",893,"Luke Farrell","JAC","12","TE157",NA,"",826,NA,NA,826,"Luke Farrell","TE",826
"896",894,"Gerrid Doaks","","","RB217",NA,"",827,NA,NA,827,"Gerrid Doaks","RB",827
"897",895,"Gary Brightwell","JAC","12","RB218",NA,"",829,NA,NA,829,"Gary Brightwell","RB",829
"898",896,"Hunter Kampmoyer","DEN","14","TE158",NA,"",830,NA,NA,830,"Hunter Kampmoyer","TE",830
"899",897,"Jaelon Darden","CLE","10","WR301",NA,"",831,NA,NA,831,"Jaelon Darden","WR",831
"900",898,"Feleipe Franks","CAR","11","QB126",NA,"",832,NA,NA,832,"Feleipe Franks","QB",832
"901",899,"Austin Trammell","JAC","12","WR302",NA,"",833,NA,NA,833,"Austin Trammell","WR",833
"902",900,"Brandon Smith","NYJ","12","WR303",NA,"",834,NA,NA,834,"Brandon Smith","WR",834
"903",901,"Sage Surratt","ARI","11","WR304",NA,"",835,NA,NA,835,"Sage Surratt","WR",835
"904",902,"Miller Forristall","LAR","6","TE159",NA,"",836,NA,NA,836,"Miller Forristall","TE",836
"905",903,"Shane Buechele","BUF","12","QB127",NA,"",837,NA,NA,837,"Shane Buechele","QB",837
"906",904,"Bernhard Seikovits","ARI","11","TE160",NA,"",838,NA,NA,838,"Bernhard Seikovits","TE",838
"907",905,"Ricky Person Jr.","","","RB219",NA,"",839,NA,NA,839,"Ricky Person Jr.","RB",839
"908",906,"Kwamie Lassiter","II","","WR305",NA,"",841,NA,NA,841,"Kwamie Lassiter","WR",841
"909",907,"Kendric Pryor","CIN","12","WR306",NA,"",842,NA,NA,842,"Kendric Pryor","WR",842
"910",908,"Zaire Mitchell-Paden","CLE","10","TE161",NA,"",843,NA,NA,843,"Zaire Mitchell-Paden","TE",843
"911",909,"Aaron Shampklin","PIT","9","RB220",NA,"",844,NA,NA,844,"Aaron Shampklin","RB",844
"912",910,"Kaden Davis","DET","5","WR307",NA,"",845,NA,NA,845,"Kaden Davis","WR",845
"913",911,"Thomas Odukoya","TEN","5","TE162",NA,"",847,NA,NA,847,"Thomas Odukoya","TE",847
"914",912,"Johnny Johnson III","HOU","14","WR308",NA,"",848,NA,NA,848,"Johnny Johnson III","WR",848
"915",913,"Kevin Austin Jr.","NO","12","WR309",NA,"",850,NA,NA,850,"Kevin Austin Jr.","WR",850
"916",914,"Gerrit Prince","","","TE163",NA,"",851,NA,NA,851,"Gerrit Prince","TE",851
"917",915,"Chris Pierce Jr.","","","TE164",NA,"",852,NA,NA,852,"Chris Pierce Jr.","TE",852
"918",916,"Stone Smartt","LAC","5","TE165",NA,"",853,NA,NA,853,"Stone Smartt","TE",853
"919",917,"Grant DuBose","GB","10","WR310",NA,"",854,NA,NA,854,"Grant DuBose","WR",854
"920",918,"Colton Dowell","TEN","5","WR311",NA,"",855,NA,NA,855,"Colton Dowell","WR",855
"921",919,"Dresser Winn","LAR","6","QB128",NA,"",857,NA,NA,857,"Dresser Winn","QB",857
"922",920,"Jake Haener","NO","12","QB129",NA,"",858,NA,NA,858,"Jake Haener","QB",858
"923",921,"Sean Ryan","BAL","14","WR312",NA,"",860,NA,NA,860,"Sean Ryan","WR",860
"924",922,"Robert Burns","ATL","12","RB221",NA,"",861,NA,NA,861,"Robert Burns","RB",861
"925",923,"Thyrick Pitts","","","WR313",NA,"",862,NA,NA,862,"Thyrick Pitts","WR",862
"926",924,"Bryce Ford-Wheaton","NYG","11","WR314",NA,"",863,NA,NA,863,"Bryce Ford-Wheaton","WR",863
"927",925,"T.J. Luther","PIT","9","WR315",NA,"",864,NA,NA,864,"T.J. Luther","WR",864
"928",926,"Joseph Ngata","PHI","5","WR316",NA,"",865,NA,NA,865,"Joseph Ngata","WR",865
"929",927,"Carlos Washington Jr.","ATL","12","RB222",NA,"",866,NA,NA,866,"Carlos Washington Jr.","RB",866
"930",928,"Jalen Wayne","GB","10","WR317",NA,"",867,NA,NA,867,"Jalen Wayne","WR",867
"931",929,"Jalen Cropper","DAL","7","WR318",NA,"",868,NA,NA,868,"Jalen Cropper","WR",868
"932",930,"Hunter Luepke","DAL","7","RB223",NA,"",869,NA,NA,869,"Hunter Luepke","RB",869
"933",931,"Chase Cota","NYG","11","WR319",NA,"",870,NA,NA,870,"Chase Cota","WR",870
"934",932,"Jared Wayne","","","WR320",NA,"",872,NA,NA,872,"Jared Wayne","WR",872
"935",933,"Elijah Cooks","JAC","12","WR321",NA,"",873,NA,NA,873,"Elijah Cooks","WR",873
"936",934,"Jaray Jenkins","PIT","9","WR322",NA,"",874,NA,NA,874,"Jaray Jenkins","WR",874
"937",935,"Blake Whiteheart","ARI","11","TE166",NA,"",875,NA,NA,875,"Blake Whiteheart","TE",875
"938",936,"Daewood Davis","","","WR323",NA,"",876,NA,NA,876,"Daewood Davis","WR",876
"939",937,"Thayer Thomas","MIN","6","WR324",NA,"",878,NA,NA,878,"Thayer Thomas","WR",878
"940",938,"Malik Knowles","MIN","6","WR325",NA,"",879,NA,NA,879,"Malik Knowles","WR",879
"941",939,"Cephus Johnson III","TB","11","WR326",NA,"",880,NA,NA,880,"Cephus Johnson III","WR",880
"942",940,"Shaquan Davis","NO","12","WR327",NA,"",881,NA,NA,881,"Shaquan Davis","WR",881
"943",941,"Isaiah Winstead","NYJ","12","WR328",NA,"",882,NA,NA,882,"Isaiah Winstead","WR",882
"944",942,"Matt Landers","NE","14","WR329",NA,"",883,NA,NA,883,"Matt Landers","WR",883
"945",943,"Tyrell Shavers","BUF","12","WR330",NA,"",884,NA,NA,884,"Tyrell Shavers","WR",884
"946",944,"Bryan Thompson","","","WR331",NA,"",885,NA,NA,885,"Bryan Thompson","WR",885
"947",945,"Kearis Jackson","TEN","5","WR332",NA,"",886,NA,NA,886,"Kearis Jackson","WR",886
"948",946,"Izaiah Gathings","","","TE167",NA,"",887,NA,NA,887,"Izaiah Gathings","TE",887
"949",947,"Terrell Bynum","LV","10","WR333",NA,"",888,NA,NA,888,"Terrell Bynum","WR",888
"950",948,"Mitchell Tinsley","WAS","14","WR334",NA,"",889,NA,NA,889,"Mitchell Tinsley","WR",889
"951",949,"Devin Leary","BAL","14","QB130",NA,"",891,NA,NA,891,"Devin Leary","QB",891
"952",950,"Erick All Jr.","CIN","12","TE168",NA,"",892,NA,NA,892,"Erick All Jr.","TE",892
"953",951,"Anthony Gould","IND","14","WR335",NA,"",895,NA,NA,895,"Anthony Gould","WR",895
"954",952,"Patrick Murtagh","JAC","12","TE169",NA,"",896,NA,NA,896,"Patrick Murtagh","TE",896
"955",953,"Bub Means","NO","12","WR336",NA,"",897,NA,NA,897,"Bub Means","WR",897
"956",954,"Tejhaun Palmer","ARI","11","WR337",NA,"",898,NA,NA,898,"Tejhaun Palmer","WR",898
"957",955,"Cornelius Johnson","LAC","5","WR338",NA,"",899,NA,NA,899,"Cornelius Johnson","WR",899
"958",956,"DeAngelo Hardy","","","WR339",NA,"",900,NA,NA,900,"DeAngelo Hardy","WR",900
