"Rank","Player","Team","Bye","POS","ESPN","Sleeper","NFL","RTSports","FFC","AVG"
"1","Christian McCaffrey","SF","9","RB1","1","1","1","1","","1.0"
"2","Tyreek Hill","MIA","6","WR1","2","2","3","2","","2.2"
"3","CeeDee Lamb","DAL","7","WR2","3","3","2","3","","3.0"
"4","Breece Hall","NYJ","12","RB2","4","8","7","4","","5.2"
"5","Bijan Robinson","ATL","12","RB3","5","6","8","5","","5.8"
"6","Ja'Marr Chase","CIN","12","WR3","7","5","4","8","","6.4"
"7","Justin Jefferson","MIN","6","WR4","8","4","5","6","","6.6"
"8","Amon-Ra St. Brown","DET","5","WR5","6","7","6","7","","6.6"
"9","Saquon Barkley","PHI","5","RB4","11","11","10","9","","9.4"
"10","A.J. Brown","PHI","5","WR6","10","9","9","11","","10.0"
"11","Jonathan Taylor","IND","14","RB5","9","13","12","10","","10.6"
"12","Garrett Wilson","NYJ","12","WR7","12","10","14","13","","12.6"
"13","Jahmyr Gibbs","DET","5","RB6","14","12","13","12","","12.6"
"14","Puka Nacua","LAR","6","WR8","13","16","11","14","","14.0"
"15","Kyren Williams","LAR","6","RB7","15","15","18","16","","15.4"
"16","Marvin Harrison Jr.","ARI","11","WR9","21","14","15","17","","17.2"
"17","Derrick Henry","BAL","14","RB8","17","20","16","18","","17.2"
"18","Travis Etienne Jr.","JAC","12","RB9","18","18","20","15","","17.6"
"19","Davante Adams","LV","10","WR10","22","17","17","20","","20.8"
"20","Isiah Pacheco","KC","6","RB10","16","28","19","21","","21.0"
"21","Travis Kelce","KC","6","TE1","20","21","23","33","","24.0"
"22","Josh Allen","BUF","12","QB1","25","22","26","32","","25.0"
"23","Chris Olave","NO","12","WR11","19","23","28","27","","25.6"
"24","De'Von Achane","MIA","6","RB11","31","25","30","19","","26.0"
"25","Drake London","ATL","12","WR12","32","19","22","24","","26.2"
"26","Patrick Mahomes II","KC","6","QB2","23","30","24","43","","28.8"
"27","Sam LaPorta","DET","5","TE2","27","24","31","30","","29.4"
"28","Josh Jacobs","GB","10","RB12","39","27","38","22","","30.4"
"29","James Cook","BUF","12","RB13","29","41","40","26","","30.8"
"30","Nico Collins","HOU","14","WR13","33","31","33","28","","31.0"
"31","Deebo Samuel Sr.","SF","9","WR14","42","33","29","23","","31.8"
"32","Jalen Hurts","PHI","5","QB3","28","35","35","41","","32.2"
"33","Mike Evans","TB","11","WR15","30","29","25","42","","32.6"
"34","Rachaad White","TB","11","RB14","37","38","32","29","","33.0"
"35","Michael Pittman Jr.","IND","14","WR16","24","40","34","25","","34.2"
"36","Brandon Aiyuk","SF","9","WR17","40","26","21","45","","34.6"
"37","Cooper Kupp","LAR","6","WR18","43","39","27","31","","34.6"
"38","Joe Mixon","HOU","14","RB15","26","47","47","36","","36.6"
"39","Lamar Jackson","BAL","14","QB4","35","34","36","47","","37.6"
"40","Stefon Diggs","HOU","14","WR19","34","32","45","37","","39.6"
"41","Alvin Kamara","NO","12","RB16","38","48","49","34","","41.4"
"42","DK Metcalf","SEA","10","WR20","36","43","46","38","","41.4"
"43","Jaylen Waddle","MIA","6","WR21","49","36","41","40","","41.8"
"44","Kenneth Walker III","SEA","10","RB17","44","50","42","35","","42.0"
"45","DeVonta Smith","PHI","5","WR22","46","49","37","44","","43.2"
"46","DJ Moore","CHI","7","WR23","47","37","50","39","","43.6"
"47","Mark Andrews","BAL","14","TE3","41","45","43","52","","44.6"
"48","Trey McBride","ARI","11","TE4","50","46","39","49","","47.0"
"49","C.J. Stroud","HOU","14","QB5","45","42","44","60","","47.6"
"50","Dalton Kincaid","BUF","12","TE5","54","51","53","48","","52.2"
"51","Malik Nabers","NYG","11","WR24","52","44","59","46","","52.6"
"52","Anthony Richardson","IND","14","QB6","48","56","52","58","","55.0"
"53","George Kittle","SF","9","TE6","51","53","51","68","","56.6"
"54","James Conner","ARI","11","RB18","68","63","54","55","","57.2"
"55","Amari Cooper","CLE","10","WR25","69","59","48","57","","57.4"
"56","Aaron Jones","MIN","6","RB19","55","58","70","53","","57.8"
"57","Joe Burrow","CIN","12","QB7","53","61","56","78","","60.0"
"58","George Pickens","PIT","9","WR26","66","57","65","54","","60.2"
"59","Zay Flowers","BAL","14","WR27","56","52","67","64","","60.8"
"60","D'Andre Swift","CHI","7","RB20","63","62","74","50","","61.0"
"61","David Montgomery","DET","5","RB21","64","65","58","62","","61.4"
"62","Kyle Pitts","ATL","12","TE7","61","55","57","67","","62.0"
"63","Tee Higgins","CIN","12","WR28","62","60","62","61","","62.4"
"64","Tank Dell","HOU","14","WR29","59","54","60","79","","64.0"
"65","Rhamondre Stevenson","NE","14","RB22","57","69","82","51","","65.6"
"66","Zamir White","LV","10","RB23","67","82","75","56","","65.8"
"67","Evan Engram","JAC","12","TE8","58","67","66","70","","66.4"
"68","Dak Prescott","DAL","7","QB8","65","71","63","84","","69.8"
"69","Jordan Love","GB","10","QB9","71","80","72","74","","70.8"
"70","Najee Harris","PIT","9","RB24","79","73","86","59","","72.0"
"71","Kyler Murray","ARI","11","QB10","72","78","55","83","","72.6"
"72","Terry McLaurin","WAS","14","WR30","78","68","81","63","","73.4"
"73","Keenan Allen","CHI","7","WR31","70","64","77","69","","73.8"
"74","Christian Kirk","JAC","12","WR32","88","66","71","65","","73.8"
"75","Raheem Mostert","MIA","6","RB25","89","81","61","75","","74.0"
"76","Calvin Ridley","TEN","5","WR33","60","83","78","77","","74.2"
"77","Rashee Rice","KC","6","WR34","75","70","92","73","","76.8"
"78","Chris Godwin","TB","11","WR35","73","75","84","71","","77.0"
"79","Tony Pollard","TEN","5","RB26","90","77","88","76","","80.6"
"80","David Njoku","CLE","10","TE9","77","84","79","93","","83.6"
"81","Jayden Reed","GB","10","WR36","85","74","90","89","","83.8"
"82","Jake Ferguson","DAL","7","TE10","82","86","76","92","","84.4"
"83","Javonte Williams","DEN","14","RB27","91","90","116","66","","89.2"
"84","Jaylen Warren","PIT","9","RB28","84","98","98","81","","89.6"
"85","Austin Ekeler","WAS","14","RB29","98","93","89","85","","90.6"
"86","Jonathon Brooks","CAR","11","RB30","80","97","91","87","","91.0"
"87","Diontae Johnson","CAR","11","WR37","93","95","94","86","","93.0"
"88","Nick Chubb","CLE","10","RB31","109","87","108","88","","93.6"
"89","Xavier Worthy","KC","6","WR38","102","76","100","96","","93.6"
"90","Zack Moss","CIN","12","RB32","100","92","118","80","","93.6"
"91","Brock Purdy","SF","9","QB11","97","91","85","111","","93.6"
"92","Brian Robinson Jr.","WAS","14","RB33","76","108","125","82","","94.2"
"93","Devin Singletary","NYG","11","RB34","113","99","107","72","","96.4"
"94","Brock Bowers","LV","10","TE11","107","79","113","105","","100.0"
"95","Tyjae Spears","TEN","5","RB35","95","107","114","91","","101.2"
"96","Rome Odunze","CHI","7","WR39","108","72","101","117","","103.0"
"97","Ladd McConkey","LAC","5","WR40","112","88","109","100","","103.0"
"98","Christian Watson","GB","10","WR41","94","103","133","95","","103.0"
"99","DeAndre Hopkins","TEN","5","WR42","103","96","123","94","","103.4"
"100","Jaxon Smith-Njigba","SEA","10","WR43","96","100","112","99","","103.6"
"101","Hollywood Brown","KC","6","WR44","116","89","96","107","","104.0"
"102","Keon Coleman","BUF","12","WR45","111","94","102","109","","105.2"
"103","Justin Tucker","BAL","14","K1","83","127","68","132","","106.4"
"104","Jayden Daniels","WAS","14","QB12","110","115","104","101","","106.8"
"105","Jordan Addison","MIN","6","WR46","114","85","105","110","","108.8"
"106","Caleb Williams","CHI","7","QB13","104","101","126","108","","108.8"
"107","Ezekiel Elliott","DAL","7","RB36","99","114","117","98","","109.2"
"108","Dallas Goedert","PHI","5","TE12","118","102","103","116","","109.4"
"109","Brandon Aubrey","DAL","7","K2","86","129","80","125","","111.0"
"110","San Francisco 49ers","DST","9","DST1","81","143","64","154","","112.4"
"111","Gus Edwards","LAC","5","RB37","126","113","110","113","","113.0"
"112","Jared Goff","DET","5","QB14","145","109","106","114","","113.2"
"113","Tua Tagovailoa","MIA","6","QB15","125","104","119","121","","114.2"
"114","Harrison Butker","KC","6","K3","106","128","73","145","","115.2"
"115","Chase Brown","CIN","12","RB38","127","118","144","90","","115.4"
"116","Jerome Ford","CLE","10","RB39","124","122","154","97","","118.4"
"117","Courtland Sutton","DEN","14","WR47","115","116","140","106","","118.4"
"118","Jameson Williams","DET","5","WR48","123","111","128","115","","119.2"
"119","T.J. Hockenson","MIN","6","TE13","120","110","129","123","","123.2"
"120","Blake Corum","LAR","6","RB40","122","120","151","104","","124.6"
"121","Brian Thomas Jr.","JAC","12","WR49","131","105","137","126","","125.4"
"122","Trey Benson","ARI","11","RB41","129","112","168","102","","126.4"
"123","Baltimore Ravens","DST","14","DST2","87","190","121","142","","126.6"
"124","Dallas Cowboys","DST","7","DST3","92","185","111","135","","127.2"
"125","Dalton Schultz","HOU","14","TE14","134","106","130","137","","127.2"
"126","New York Jets","DST","12","DST4","105","154","135","147","","129.6"
"127","Trevor Lawrence","JAC","12","QB16","152","125","134","131","","131.6"
"128","Cleveland Browns","DST","10","DST5","74","193","99","161","","132.6"
"129","Khalil Shakir","BUF","12","WR50","155","131","131","124","","132.8"
"130","Justin Herbert","LAC","5 ","QB17","153","124","127","139","","134.0"
"131","J.K. Dobbins","LAC","5","RB42","132","142","185","103","","134.2"
"132","Pat Freiermuth","PIT","9","TE15","140","126","142","127","","134.4"
"133","Younghoe Koo","ATL","12","K4","135","132","97","189","","135.6"
"134","Tyler Lockett","SEA","10","WR51","130","123","136","151","","136.8"
"135","Cole Kmet","CHI","7","TE16","148","121","147","136","","137.0"
"136","Aaron Rodgers","NYJ","12","QB18","117","135","143","152","","137.4"
"137","Curtis Samuel","BUF","12","WR52","146","117","153","119","","138.0"
"138","Zach Charbonnet","SEA","10","RB43","137","137","164","118","","141.2"
"139","Romeo Doubs","GB","10","WR53","166","119","156","130","","142.6"
"140","Jake Elliott","PHI","5","K5","101","146","148","165","","143.4"
"141","Kirk Cousins","ATL","12","QB19","142","145","161","141","","144.0"
"142","Ka'imi Fairbairn","HOU","14","K6","121","151","141","156","","145.4"
"143","Jerry Jeudy","CLE","10","WR54","133","136","171","138","","145.4"
"144","Jakobi Meyers","LV","10","WR55","143","134","174","140","","146.8"
"145","Chuba Hubbard","CAR","11","RB44","174","140","160","122","","147.0"
"146","Evan McPherson","CIN","12","K7","128","130","93","215","","147.6"
"147","Mike Williams","NYJ","12","WR56","139","144","155","148","","149.0"
"148","Rico Dowdle","DAL","7","RB45","167","147","214","112","","150.8"
"149","Matthew Stafford","LAR","6","QB20","172","149","138","157","","152.8"
"150","Pittsburgh Steelers","DST","9","DST6","119","195","149","174","","157.8"
"151","Jake Moody","SF","9","K8","154","148","120","175","","158.8"
"152","Joshua Palmer","LAC","5","WR57","187","138","203","128","","159.4"
"153","Kansas City Chiefs","DST","6","DST7","141","205","124","191","","159.8"
"154","Tyler Allgeier","ATL","12","RB46","150","160","199","143","","159.8"
"155","Ty Chandler","MIN","6","RB47","160","159","220","120","","161.0"
"156","Deshaun Watson","CLE","10","QB21","157","168","165","176","","163.8"
"157","Buffalo Bills","DST","12","DST8","178","253","95","162","","164.0"
"158","Baker Mayfield","TB","11","QB22","175","158","162","171","","165.2"
"159","Brandin Cooks","DAL","7","WR58","181","162","170","153","","165.4"
"160","Adam Thielen","CAR","11","WR59","156","163","175","164","","165.4"
"161","Miami Dolphins","DST","6","DST9","144","198","159","173","","167.4"
"162","Gabe Davis","JAC","12","WR60","164","153","189","155","","169.4"
"163","Antonio Gibson","NE","14","RB48","162","171","244","133","","171.0"
"164","Jaylen Wright","MIA","6","RB49","186","150","227","129","","171.4"
"165","Jaleel McLaughlin","DEN","14","RB50","176","175","218","134","","171.4"
"166","Xavier Legette","CAR","11","WR61","165","139","186","179","","172.8"
"167","Cameron Dicker","LAC","5","K9","171","152","122","224","","174.0"
"168","Adonai Mitchell","IND","14","WR62","173","133","202","182","","174.4"
"169","Luke Musgrave","GB","10","TE17","236","141","167","170","","175.2"
"170","Philadelphia Eagles","DST","5","DST10","180","202","145","213","","179.2"
"171","Tyler Bass","BUF","12","K10","189","156","152","216","","179.6"
"172","Rashid Shaheed","NO","12","WR63","151","155","262","167","","180.2"
"173","MarShawn Lloyd","GB","10","RB51","170","178","240","150","","180.4"
"174","Dontayvion Wicks","GB","10","WR64","194","166","200","166","","181.2"
"175","Houston Texans","DST","14","DST11","184","245","163","177","","184.0"
"176","Jason Sanders","MIA","6","K11","201","176","166","183","","184.8"
"177","Isaiah Likely","BAL","14","TE18","209","167","173","208","","184.8"
"178","Darnell Mooney","ATL","12","WR65","149","179","243","186","","188.0"
"179","Tyler Conklin","NYJ","12","TE19","179","180","223","190","","191.2"
"180","Chicago Bears","DST","7","DST12","177","298","83","229","","192.8"
"181","Jason Myers","SEA","10","K12","223","209","178","192","","194.4"
"182","New Orleans Saints","DST","12","DST13","136","258","183","204","","194.8"
"183","Ja'Lynn Polk","NE","14","WR66","214","157","229","198","","197.2"
"184","Detroit Lions","DST","5","DST14","138","254","158","254","","198.6"
"185","Tampa Bay Buccaneers","DST","11","DST15","222","194","132","276","","199.6"
"186","Geno Smith","SEA","10","QB23","197","200","196","233","","200.2"
"187","DeMario Douglas","NE","14","WR67","163","183","246","200","","200.8"
"188","Kendre Miller","NO","12","RB52","159","172","294","181","","202.0"
"189","Elijah Mitchell","SF","9","RB53","324","188","236","168","","216.8"
"190","Derek Carr","NO","12","QB24","224","243","234","232","","221.8"
"191","Los Angeles Chargers","DST","5","DST16","185","318","150","273","","225.0"
"192","Cincinnati Bengals","DST","12","DST17","168","","87","236","","171.3"
"193","Jahan Dotson","PHI","5","WR68","","173","184","158","","176.8"
"194","Taysom Hill","NO","12","TE20","161","169","212","178","","180.0"
"195","Greg Zuerlein","NYJ","12","K13","147","","139","228","","181.3"
"196","Matt Gay","IND","14","K14","158","","188","180","","183.0"
"197","Khalil Herbert","CHI","7","RB54","","208","209","172","","190.0"
"198","Hunter Henry","NE","14","TE21","","174","205","188","","190.8"
"199","Josh Downs","IND","14","WR69","","164","221","169","","191.0"
"200","Bo Nix","DEN","14","QB25","182","192","182","222","","194.5"
"201","Braelon Allen","NYJ","12","RB55","","186","264","159","","196.8"
"202","Justin Fields","PIT","9","QB26","208","197","197","197","","199.8"
"203","Will Levis","TEN","5","QB27","203","191","219","187","","200.0"
"204","Bucky Irving","TB","11","RB56","","196","265","160","","200.5"
"205","Kimani Vidal","LAC","5","RB57","","181","279","144","","201.0"
"206","Daniel Carlson","LV","10","K15","195","214","157","243","","202.3"
"207","Jonnu Smith","MIA","6","TE22","395","226","268","219","","263.4"
"208","Cairo Santos","CHI","7","K16","183","","190","242","","205.0"
"209","Atlanta Falcons","DST","12","DST18","191","","193","247","","205.3"
"210","Las Vegas Raiders","DST","10","DST19","199","255","176","194","","206.0"
"211","Ben Sinnott","WAS","14","TE23","212","161","233","220","","206.5"
"212","Chigoziem Okonkwo","TEN","5","TE24","206","206","222","193","","206.8"
"213","Tyrone Tracy Jr.","NYG","11","RB58","","187","304","146","","207.0"
"214","Ray Davis","BUF","12","RB59","","184","325","163","","212.8"
"215","Seattle Seahawks","DST","10","DST20","190","210","187","267","","213.5"
"216","Clyde Edwards-Helaire","KC","6","RB60","","220","245","209","","215.3"
"217","Russell Wilson","PIT","9","QB28","216","239","192","226","","218.3"
"218","Indianapolis Colts","DST","14","DST21","","306","180","217","","219.0"
"219","Bryce Young","CAR","11","QB29","198","221","226","255","","225.0"
"220","Kenneth Gainwell","PHI","5","RB61","","270","248","184","","226.0"
"221","Roschon Johnson","CHI","7","RB62","","225","286","185","","227.3"
"222","Wan'Dale Robinson","NYG","11","WR70","","215","258","230","","227.5"
"223","Mike Gesicki","CIN","12","TE25","246","213","225","227","","227.8"
"224","Green Bay Packers","DST","10","DST22","193","309","172","239","","228.3"
"225","New England Patriots","DST","14","DST23","211","265","194","248","","229.5"
"226","Minnesota Vikings","DST","6","DST24","204","262","206","252","","231.0"
"227","Marvin Mims Jr.","DEN","14","WR71","210","222","247","250","","232.3"
"228","Zach Ertz","WAS","14","TE26","230","250","211","259","","237.5"
"229","Blake Grupe","NO","12","K17","265","","210","274","","239.3"
"230","Noah Fant","SEA","10","TE27","207","212","308","237","","241.0"
"231","Sam Darnold","MIN","6","QB30","234","228","271","231","","241.0"
"232","Jacksonville Jaguars","DST","12","DST25","188","303","230","262","","245.8"
"233","Troy Franklin","DEN","14","WR72","328","177","267","256","","257.0"
"234","D'Onta Foreman","CLE","10","RB63","","269","329","235","","259.0"
"235","Dustin Hopkins","CLE","10","K18","192","","69","278","","179.7"
"236","Ja'Tavion Sanders","CAR","11","TE28","280","217","277","287","","265.3"
"237","Ricky Pearsall","SF","9","WR73","","170","195","201","","188.7"
"238","Denver Broncos","DST","14","DST26","205","","115","269","","196.3"
"239","Cade Otton","TB","11","TE29","","165","198","253","","205.3"
"240","Michael Wilson","ARI","11","WR74","","211","259","149","","206.3"
"241","Dameon Pierce","HOU","14","RB64","","204","217","203","","208.0"
"242","Jermaine Burton","CIN","12","WR75","","199","215","211","","208.3"
"243","Quentin Johnston","LAC","5","WR76","","182","252","195","","209.7"
"244","Washington Commanders","DST","14","DST27","229","201","208","","","212.7"
"245","Chris Boswell","PIT","9","K19","196","","177","266","","213.0"
"246","Dawson Knox","BUF","12","TE30","219","240","191","","","216.7"
"247","Odell Beckham Jr.","MIA","6","WR77","215","241","201","","","219.0"
"248","Drake Maye","NE","14","QB31","221","218","224","","","221.0"
"249","Roman Wilson","PIT","9","WR78","","189","179","296","","221.3"
"250","Jake Bates","DET","5","K20","169","","238","258","","221.7"
"251","Will Reichard","MIN","6","K21","202","","237","249","","229.3"
"252","Alexander Mattison","LV","10","RB65","","227","255","210","","230.7"
"253","New York Giants","DST","11","DST28","","251","207","238","","232.0"
"254","AJ Dillon","GB","10","RB66","","232","231","241","","234.7"
"255","Rashod Bateman","BAL","14","WR79","","203","232","275","","236.7"
"256","Wil Lutz","DEN","14","K22","218","","253","244","","238.3"
"257","Justice Hill","BAL","14","RB67","","229","269","218","","238.7"
"258","Tennessee Titans","DST","5","DST29","225","242","250","","","239.0"
"259","Tank Bigsby","JAC","12","RB68","","235","287","205","","242.3"
"260","Javon Baker","NE","14","WR80","415","224","303","295","","309.3"
"261","Los Angeles Rams","DST","6","DST30","213","315","216","","","248.0"
"262","Daniel Jones","NYG","11","QB32","","248","251","246","","248.3"
"263","Tyler Boyd","TEN","5","WR81","","231","256","264","","250.3"
"264","Audric Estime","DEN","14","RB69","","223","326","206","","251.7"
"265","Will Shipley","PHI","5","RB70","","236","305","214","","251.7"
"266","Greg Dulcich","DEN","14","TE31","","249","270","240","","253.0"
"267","Keaton Mitchell","BAL","14","RB71","","246","281","234","","253.7"
"268","Dalvin Cook","","","RB72","257","","260","245","","254.0"
"269","Gardner Minshew II","LV","10","QB33","249","252","261","","","254.0"
"270","Luke McCaffrey","WAS","14","WR82","","207","275","284","","255.3"
"271","Colby Parkinson","LAR","6","TE32","","244","297","225","","255.3"
"272","Michael Penix Jr.","ATL","12","QB34","235","266","283","","","261.3"
"273","Jamaal Williams","NO","12","RB73","","311","257","221","","263.0"
"274","Hayden Hurst","LAC","5","TE33","","277","291","223","","263.7"
"275","Jalen Tolbert","DAL","7","WR83","","238","284","280","","267.3"
"276","K.J. Osborn","NE","14","WR84","377","308","324","294","","325.8"
"277","Greg Dortch","ARI","11","WR85","","237","295","288","","273.3"
"278","Kadarius Toney","KC","6","WR86","237","319","266","","","274.0"
"279","Demarcus Robinson","LAR","6","WR87","","234","312","286","","277.3"
"280","Jalin Hyatt","NYG","11","WR88","","264","289","291","","281.3"
"281","Michael Mayer","LV","10","TE34","357","268","228","","","284.3"
"282","Eric Gray","NYG","11","RB74","","322","331","202","","285.0"
"283","Samaje Perine","DEN","14","RB75","","314","350","199","","287.7"
"284","Juwan Johnson","NO","12","TE35","","272","316","277","","288.3"
"285","Deuce Vaughn","DAL","7","RB76","250","299","320","","","289.7"
"286","Jalen McMillan","TB","11","WR89","","230","348","292","","290.0"
"287","Darius Slayton","NYG","11","WR90","","279","309","289","","292.3"
"288","Arizona Cardinals","DST","11","DST31","233","","146","","","189.5"
"289","Brenden Rice","LAC","5","WR91","296","259","328","","","294.3"
"290","Tre Tucker","LV","10","WR92","","304","288","293","","295.0"
"291","Malachi Corley","NYJ","12","WR93","","219","169","","","194.0"
"292","Daniel Bellinger","NYG","11","TE36","","282","355","257","","298.0"
"293","Jordan Whittington","LAR","6","WR94","245","","394","260","","299.7"
"294","Tyler Higbee","LAR","6","TE37","294","320","306","","","306.7"
"295","Dylan Laube","LV","10","RB77","","256","395","270","","307.0"
"296","Darren Waller","","","TE38","255","","204","","","229.5"
"297","Trey Sermon","IND","14","RB78","","260","419","282","","320.3"
"298","Joshua Karty","LAR","6","K23","422","","274","265","","320.3"
"299","Graham Gano","NYG","11","K24","220","","241","","","230.5"
"300","Cam Akers","HOU","14","RB79","269","","415","285","","323.0"
"301","Anders Carlson","GB","10","K25","227","","249","","","238.0"
"302","Cam Little","JAC","12","K26","217","","263","","","240.0"
"303","Brandon McManus","","","K27","360","295","332","","","329.0"
"304","Isaac Guerendo","SF","9","RB80","","261","430","298","","329.7"
"305","Noah Gray","KC","6","TE39","238","","254","","","246.0"
"306","Kyle Juszczyk","SF","9","RB81","256","","239","","","247.5"
"307","Chase McLaughlin","TB","11","K28","","","235","261","","248.0"
"308","Jordan Mason","SF","9","RB82","","","302","207","","254.5"
"309","Miles Sanders","CAR","11","RB83","","","323","196","","259.5"
"310","Deneric Prince","KC","6","RB84","401","","368","251","","340.0"
"311","Louis Rees-Zammit","KC","6","RB85","244","","278","","","261.0"
"312","Devontez Walker","BAL","14","WR95","398","267","358","","","341.0"
"313","Malik Washington","MIA","6","WR96","349","281","396","","","342.0"
"314","DJ Chark Jr.","LAC","5","WR97","","247","490","290","","342.3"
"315","Tucker Kraft","GB","10","TE40","","257","272","","","264.5"
"316","Kareem Hunt","","","RB86","332","","","212","","272.0"
"317","Jauan Jennings","SF","9","WR98","254","","293","","","273.5"
"318","Justin Watson","KC","6","WR99","266","","290","","","278.0"
"319","Greg Joseph","GB","10","K29","260","","301","","","280.5"
"320","Chad Ryland","NE","14","K30","242","","321","","","281.5"
"321","Jake Bobo","SEA","10","WR100","253","","311","","","282.0"
"322","Braxton Berrios","MIA","6","WR101","231","","339","","","285.0"
"323","Donovan Peoples-Jones","DET","5","WR102","258","","315","","","286.5"
"324","Aidan O'Connell","LV","10","QB35","","302","273","","","287.5"
"325","Durham Smythe","MIA","6","TE41","278","","300","","","289.0"
"326","Kenny Pickett","PHI","5","QB36","239","","345","","","292.0"
"327","Allen Lazard","NYJ","12","WR103","292","","292","","","292.0"
"328","Tim Patrick","DEN","14","WR104","","","314","271","","292.5"
"329","Jelani Woods","IND","14","TE42","","271","317","","","294.0"
"330","Calvin Austin III","PIT","9","WR105","","","310","279","","294.5"
"331","Skyy Moore","KC","6","WR106","272","","318","","","295.0"
"332","Zay Jones","ARI","11","WR107","","263","336","","","299.5"
"333","Carson Steele","KC","6","RB87","243","","361","","","302.0"
"334","J.J. Taylor","HOU","14","RB88","226","","380","","","303.0"
"335","Elijah Moore","CLE","10","WR108","","278","330","","","304.0"
"336","Jermar Jefferson","DET","5","RB89","228","","382","","","305.0"
"337","Riley Patterson","","","K31","262","","352","","","307.0"
"338","Andrei Iosivas","CIN","12","WR109","","","346","268","","307.0"
"339","Joe Flacco","IND","14","QB37","261","","359","","","310.0"
"340","Darnell Washington","PIT","9","TE43","298","","322","","","310.0"
"341","Jeff Wilson Jr.","MIA","6","RB90","","","338","283","","310.5"
"342","Cade Stover","HOU","14","TE44","299","","327","","","313.0"
"343","Kylen Granson","IND","14","TE45","404","","447","281","","377.3"
"344","A.T. Perry","NO","12","WR110","500","287","347","","","378.0"
"345","Carson Wentz","KC","6","QB38","270","","370","","","320.0"
"346","Connor Heyward","PIT","9","TE46","288","","356","","","322.0"
"347","Hendon Hooker","DET","5","QB39","259","","389","","","324.0"
"348","Equanimeous St. Brown","NO","12","WR111","277","","373","","","325.0"
"349","Joshua Dobbs","SF","9","QB40","248","","403","","","325.5"
"350","Tommy DeVito","NYG","11","QB41","263","","392","","","327.5"
"351","Ainias Smith","PHI","5","WR112","286","","369","","","327.5"
"352","Dyami Brown","WAS","14","WR113","","","384","272","","328.0"
"353","Kendrick Bourne","NE","14","WR114","","285","371","","","328.0"
"354","Mecole Hardman Jr.","KC","6","WR115","309","","351","","","330.0"
"355","Joe Milton III","NE","14","QB42","264","","397","","","330.5"
"356","Theo Johnson","NYG","11","TE47","","233","429","","","331.0"
"357","Josh Reynolds","DEN","14","WR116","","326","337","","","331.5"
"358","JuJu Smith-Schuster","","","WR117","353","","313","","","333.0"
"359","Brock Wright","DET","5","TE48","247","","420","","","333.5"
"360","Alec Pierce","IND","14","WR118","313","","354","","","333.5"
"361","Brevin Jordan","HOU","14","TE49","331","","341","","","336.0"
"362","Mo Alie-Cox","IND","14","TE50","325","","360","","","342.5"
"363","John Metchie III","HOU","14","WR119","302","","386","","","344.0"
"364","Cade York","WAS","14","K32","303","","385","","","344.0"
"365","Johnny Wilson","PHI","5","WR120","291","","399","","","345.0"
"366","Tyler Scott","CHI","7","WR121","305","","388","","","346.5"
"367","Zach Wilson","DEN","14","QB43","276","","418","","","347.0"
"368","Luke Schoonmaker","DAL","7","TE51","273","","423","","","348.0"
"369","Keaontay Ingram","KC","6","RB91","354","","344","","","349.0"
"370","Joey Slye","NE","14","K33","338","","362","","","350.0"
"371","Tom Brady","","","QB44","200","","","","","200.0"
"372","Noah Brown","HOU","14","WR122","301","","402","","","351.5"
"373","Trey Lance","DAL","7","QB45","342","","363","","","352.5"
"374","Jimmy Garoppolo","LAR","6","QB46","274","","432","","","353.0"
"375","Brett Maher","","","K34","361","","349","","","355.0"
"376","DeWayne McBride","MIN","6","RB92","321","","390","","","355.5"
"377","Parris Campbell","PHI","5","WR123","271","","441","","","356.0"
"378","Matt Prater","ARI","11","K35","","","213","","","213.0"
"379","D.J. Montgomery","IND","14","WR124","337","","378","","","357.5"
"380","Josh Oliver","MIN","6","TE52","312","","412","","","362.0"
"381","Jake Browning","CIN","12","QB47","347","","377","","","362.0"
"382","Spencer Rattler","NO","12","QB48","297","","428","","","362.5"
"383","Brandon Powell","MIN","6","WR125","352","","375","","","363.5"
"384","Chris Naggar","","","K36","232","","","","","232.0"
"385","Trace McSorley","WAS","14","QB49","240","","","","","240.0"
"386","Nick Folk","TEN","5","K37","","","242","","","242.0"
"387","Jonathan Mingo","CAR","11","WR126","","325","422","","","373.5"
"388","Tanner Brown","","","K38","251","","539","","","395.0"
"389","Mason Crosby","","","K39","252","","","","","252.0"
"390","Elijah Higgins","ARI","11","TE53","329","","424","","","376.5"
"391","Drew Lock","NYG","11","QB50","344","","410","","","377.0"
"392","Mac Jones","JAC","12","QB51","306","","449","","","377.5"
"393","Rasheen Ali","BAL","14","RB93","497","293","466","","","418.7"
"394","Cooper Rush","DAL","7","QB52","390","","372","","","381.0"
"395","Tyson Bagent","CHI","7","QB53","304","","461","","","382.5"
"396","Rodrigo Blankenship","","","K40","267","","","","","267.0"
"397","Bo Melton","GB","10","WR127","317","","451","","","384.0"
"398","David Moore","CAR","11","WR128","364","","404","","","384.0"
"399","Christopher Dunn","","","K41","268","","","","","268.0"
"400","Mike White","MIA","6","QB54","282","","487","","","384.5"
"401","Kene Nwangwu","MIN","6","RB94","322","","448","","","385.0"
"402","Ty","","'Son Williams","","","RB95","","273","","","","273.0"
"403","Anthony Jones","","","RB96","","274","","","","274.0"
"404","Ramiz Ahmed","","","K42","275","","503","","","389.0"
"405","K.J. Costello","","","QB55","","276","","","","276.0"
"406","Adam Trautman","DEN","14","TE54","279","","637","","","458.0"
"407","Gerald Everett","CHI","7","TE55","","","280","","","280.0"
"408","Charlie Taumoepeau","","","TE56","","280","","","","280.0"
"409","Robert Woods","HOU","14","WR129","350","","431","","","390.5"
"410","Jacob Saylors","CLE","10","RB97","281","","","","","281.0"
"411","Andy Dalton","CAR","11","QB56","314","","468","","","391.0"
"412","Carolina Panthers","DST","11","DST32","","","282","","","282.0"
"413","Carson Strong","","","QB57","283","","","","","283.0"
"414","Anthony McFarland Jr.","MIA","6","RB98","","283","812","","","547.5"
"415","Dylan McDuffie","","","RB99","","284","","","","284.0"
"416","Michael Wiley","WAS","14","RB100","284","","","","","284.0"
"417","Matthew Wright","PIT","9","K43","406","","379","","","392.5"
"418","Cordarrelle Patterson","PIT","9","RB101","","","285","","","285.0"
"419","Lucas Havrisik","CLE","10","K44","285","","532","","","408.5"
"420","Armani Rogers","PHI","5","TE57","287","","","","","287.0"
"421","Tylan Wallace","BAL","14","WR130","343","","445","","","394.0"
"422","Trenton Irwin","CIN","12","WR131","374","","414","","","394.0"
"423","MyCole Pruitt","PIT","9","TE58","","288","557","","","422.5"
"424","Dante Pettis","CHI","7","WR132","289","","583","","","436.0"
"425","Jon Hilliman","","","RB102","","290","","","","290.0"
"426","Nick Sciba","","","K45","290","","","","","290.0"
"427","Jazz Ferguson","","","WR133","","291","","","","291.0"
"428","Jared Wiley","KC","6","TE59","399","","393","","","396.0"
"429","Tanner Hudson","CIN","12","TE60","419","","374","","","396.5"
"430","Jalen Virgil","DEN","14","WR134","","292","846","","","569.0"
"431","Jhamon Ausbon","","","WR135","","294","","","","294.0"
"432","SaRodorick Thompson Jr.","LAR","6","RB103","295","","","","","295.0"
"433","James White","","","RB104","","296","","","","296.0"
"434","Van Jefferson","PIT","9","WR136","","","296","","","296.0"
"435","Kevin Harris","NE","14","RB105","411","","387","","","399.0"
"436","Royce Freeman","DAL","7","RB106","","","581","297","","439.0"
"437","Ethan Fernea","","","WR137","","297","849","","","573.0"
"438","Michael Gallup","","","WR138","","","298","","","298.0"
"439","Eddy Pineiro","CAR","11","K46","","","299","","","299.0"
"440","C.J. Ham","MIN","6","RB107","323","","477","","","400.0"
"441","Sean Clifford","GB","10","QB58","300","","535","","","417.5"
"442","Eric Tomlinson","IND","14","TE61","","300","777","","","538.5"
"443","J.D. McKissic","","","RB108","","301","","","","301.0"
"444","Julio Jones","","","WR139","333","","470","","","401.5"
"445","Charlie Jones","CIN","12","WR140","348","","455","","","401.5"
"446","Austin Hooper","NE","14","TE62","369","","435","","","402.0"
"447","Corey Clement","","","RB109","","305","","","","305.0"
"448","Jameis Winston","CLE","10","QB59","373","","433","","","403.0"
"449","Kalif Raymond","DET","5","WR141","","","307","","","307.0"
"450","Nathan Rourke","","","QB60","307","","728","","","517.5"
"451","Jalen Nailor","MIN","6","WR142","308","","521","","","414.5"
"452","Matt Ryan","","","QB61","310","","","","","310.0"
"453","Peter LeBlanc","CHI","7","WR143","","310","","","","310.0"
"454","Julian Hill","MIA","6","TE63","385","","427","","","406.0"
"455","Matt Corral","MIN","6","QB62","311","","678","","","494.5"
"456","Eli Stove","","","WR144","","312","","","","312.0"
"457","Caleb Huntley","","","RB110","","313","","","","313.0"
"458","Jaren Hall","MIN","6","QB63","315","","730","","","522.5"
"459","Teddy Bridgewater","","","QB64","316","","","","","316.0"
"460","Clayton Thorson","","","QB65","","316","","","","316.0"
"461","C.J. Uzomah","","","TE64","384","","434","","","409.0"
"462","Tucker Fisk","LAC","5","TE65","318","","717","","","517.5"
"463","KaVontae Turpin","DAL","7","WR145","","","319","","","319.0"
"464","Jarrett Stidham","DEN","14","QB66","407","","413","","","410.0"
"465","Byron Pringle","WAS","14","WR146","319","","783","","","551.0"
"466","Nick Foles","","","QB67","320","","","","","320.0"
"467","Cole McDonald","","","QB68","","321","","","","321.0"
"468","Malcolm Brown","","","RB111","","324","","","","324.0"
"469","Kyle Allen","PIT","9","QB69","416","","409","","","412.5"
"470","Josh Pederson","","","TE66","326","","","","","326.0"
"471","Caleb Shudak","","","K47","327","","","","","327.0"
"472","Irv Smith Jr.","KC","6","TE67","334","","496","","","415.0"
"473","Sione Vaki","DET","5","RB112","330","","763","","","546.5"
"474","Nelson Agholor","BAL","14","WR147","","","333","","","333.0"
"475","Jacoby Brissett","NE","14","QB70","","","334","","","334.0"
"476","Jalen Brooks","DAL","7","WR148","335","","724","","","529.5"
"477","Samori Toure","GB","10","WR149","336","","682","","","509.0"
"478","Anthony Brown Jr.","BUF","12","QB71","339","","704","","","521.5"
"479","Craig Reynolds","DET","5","RB113","","","340","","","340.0"
"480","Stetson Bennett","LAR","6","QB72","340","","538","","","439.0"
"481","Roger Carter Jr.","","","TE68","341","","","","","341.0"
"482","Tutu Atwell","LAR","6","WR150","","","342","","","342.0"
"483","Treylon Burks","TEN","5","WR151","","","343","","","343.0"
"484","Josh Lambo","","","K48","345","","","","","345.0"
"485","Patrick Ricard","BAL","14","RB114","365","","482","","","423.5"
"486","Mitchell Trubisky","BUF","12","QB73","368","","479","","","423.5"
"487","Devaughn Vele","DEN","14","WR152","346","","893","","","619.5"
"488","Pharaoh Brown","SEA","10","TE69","412","","436","","","424.0"
"489","Davis Allen","LAR","6","TE70","484","","367","","","425.5"
"490","Albert Okwuegbunam Jr.","PHI","5","TE71","351","","805","","","578.0"
"491","Justyn Ross","KC","6","WR153","488","","365","","","426.5"
"492","Malik Heath","GB","10","WR154","391","","462","","","426.5"
"493","Shane Zylstra","DET","5","TE72","","","353","","","353.0"
"494","Ben DiNucci","BUF","12","QB74","355","","624","","","489.5"
"495","Derek Watt","","","RB115","356","","","","","356.0"
"496","Trey Palmer","TB","11","WR155","","","357","","","357.0"
"497","Bryce Perkins","","","QB75","358","","","","","358.0"
"498","Binjimen Victor","","","WR156","359","","","","","359.0"
"499","Ronnie Bell","SF","9","WR157","437","","425","","","431.0"
"500","Tommy Tremble","CAR","11","TE73","362","","511","","","436.5"
"501","Alec Ingold","MIA","6","RB116","363","","","","","363.0"
"502","Sam Howell","SEA","10","QB76","","","364","","","364.0"
"503","Marquez Valdes-Scantling","BUF","12","WR158","379","","486","","","432.5"
"504","Lil'Jordan Humphrey","DEN","14","WR159","366","","","","","366.0"
"505","Will Mallory","IND","14","TE74","","","366","","","366.0"
"506","Matt Barkley","","","QB77","367","","","","","367.0"
"507","Grant Calcaterra","PHI","5","TE75","370","","524","","","447.0"
"508","Cameron Latu","SF","9","TE76","371","","540","","","455.5"
"509","Britain Covey","PHI","5","WR160","372","","525","","","448.5"
"510","Velus Jones Jr.","CHI","7","WR161","375","","518","","","446.5"
"511","Ty Johnson","BUF","12","RB117","","","376","","","376.0"
"512","Josh Johnson","BAL","14","QB78","376","","550","","","463.0"
"513","James McCourt","","","K49","378","","","","","378.0"
"514","Austin Seibert","NYJ","12","K50","381","","608","","","494.5"
"515","Pierre Strong Jr.","CLE","10","RB118","382","","695","","","538.5"
"516","Parker Washington","JAC","12","WR162","428","","456","","","442.0"
"517","Jacob Cowing","SF","9","WR163","383","","770","","","576.5"
"518","Tre'Quan Smith","DET","5","WR164","386","","784","","","585.0"
"519","Jashaun Corbin","","","RB119","387","","714","","","550.5"
"520","Marcedes Lewis","CHI","7","TE77","388","","551","","","469.5"
"521","Stanley Berryhill","III","","WR165","389","","","","","389.0"
"522","Israel Abanikanda","NYJ","12","RB120","","","391","","","391.0"
"523","Mohamed Ibrahim","MIN","6","RB121","392","","","","","392.0"
"524","Jha'Quan Jackson","TEN","5","WR166","393","","894","","","643.5"
"525","Trishton Jackson","MIN","6","WR167","394","","633","","","513.5"
"526","Ryan Tannehill","","","QB79","424","","472","","","448.0"
"527","Gunner Olszewski","NYG","11","WR168","396","","619","","","507.5"
"528","Leonard Fournette","","","RB122","397","","","","","397.0"
"529","Charlie Smyth","NO","12","K51","","","398","","","398.0"
"530","AJ Barner","SEA","10","TE78","","","400","","","400.0"
"531","Jake Funk","DET","5","RB123","400","","512","","","456.0"
"532","Ameer Abdullah","LV","10","RB124","","","401","","","401.0"
"533","Justin Jackson","","","RB125","402","","","","","402.0"
"534","Robbie Gould","","","K52","403","","","","","403.0"
"535","Johnny Mundt","MIN","6","TE79","","","405","","","405.0"
"536","DeeJay Dallas","ARI","11","RB126","405","","507","","","456.0"
"537","Frank Gore Jr.","BUF","12","RB127","","","406","","","406.0"
"538","Dare Ogunbowale","HOU","14","RB128","","","407","","","407.0"
"539","Ray-Ray McCloud III","ATL","12","WR169","","","408","","","408.0"
"540","Jordan Travis","NYJ","12","QB80","408","","768","","","588.0"
"541","Henry Pearson","GB","10","RB129","409","","739","","","574.0"
"542","Darrell Henderson Jr.","","","RB130","410","","","","","410.0"
"543","Tyrod Taylor","NYJ","12","QB81","442","","469","","","455.5"
"544","James Turner","","","K53","","","411","","","411.0"
"545","Emanuel Wilson","GB","10","RB131","449","","464","","","456.5"
"546","James Proche II","CLE","10","WR170","413","","621","","","517.0"
"547","Randy Bullock","","","K54","414","","","","","414.0"
"548","Benny Snell Jr.","","","RB132","417","","","","","417.0"
"549","Michael Carter","ARI","11","RB133","","","417","","","417.0"
"550","Jimmy Graham","","","TE80","418","","","","","418.0"
"551","River Cracraft","MIA","6","WR171","436","","483","","","459.5"
"552","Willie Snead IV","MIA","6","WR172","420","","556","","","488.0"
"553","Malik Davis","DAL","7","RB134","","","421","","","421.0"
"554","Quez Watkins","PIT","9","WR173","479","","443","","","461.0"
"555","Easton Stick","LAC","5","QB82","421","","609","","","515.0"
"556","Drew Sample","CIN","12","TE81","423","","791","","","607.0"
"557","Olamide Zaccheaus","WAS","14","WR174","425","","610","","","517.5"
"558","Emari Demercado","ARI","11","RB135","","","426","","","426.0"
"559","Kellen Mond","","","QB83","426","","828","","","627.0"
"560","Travis Homer","CHI","7","RB136","427","","604","","","515.5"
"561","Ryan Succop","","","K55","430","","","","","430.0"
"562","Jalen Wydermyer","","","TE82","431","","","","","431.0"
"563","Zach Pascal","ARI","11","WR175","432","","574","","","503.0"
"564","Chris Brooks","MIA","6","RB137","433","","544","","","488.5"
"565","Max Duggan","","","QB84","434","","859","","","646.5"
"566","Mason Rudolph","TEN","5","QB85","451","","485","","","468.0"
"567","Drew Ogletree","IND","14","TE83","435","","688","","","561.5"
"568","Scotty Miller","PIT","9","WR176","441","","497","","","469.0"
"569","Will Dissly","LAC","5","TE84","","","438","","","438.0"
"570","Qadree Ollison","","","RB138","438","","","","","438.0"
"571","Matt Breida","SF","9","RB139","458","","481","","","469.5"
"572","Foster Moreau","NO","12","TE85","","","439","","","439.0"
"573","Robbie Chosen","SF","9","WR177","439","","568","","","503.5"
"574","Donald Parham Jr.","LAC","5","TE86","","","440","","","440.0"
"575","DeAndre Carter","CHI","7","WR178","440","","776","","","608.0"
"576","KJ Hamler","BUF","12","WR179","","","442","","","442.0"
"577","Allen Robinson II","NYG","11","WR180","443","","","","","443.0"
"578","Marcus Mariota","WAS","14","QB86","471","","473","","","472.0"
"579","Salvon Ahmed","","","RB140","","","444","","","444.0"
"580","Chase Allen","","","TE87","444","","","","","444.0"
"581","Jordan Akins","CLE","10","TE88","457","","489","","","473.0"
"582","Tom Kennedy","DET","5","WR181","445","","802","","","623.5"
"583","Dez Fitzpatrick","PIT","9","WR182","","","446","","","446.0"
"584","Andrew Beck","HOU","14","TE89","452","","495","","","473.5"
"585","Lucky Jackson","MIN","6","WR183","482","","465","","","473.5"
"586","Maurice Alexander","DET","5","WR184","446","","721","","","583.5"
"587","Martavis Bryant","WAS","14","WR185","447","","554","","","500.5"
"588","Deonte Harty","BAL","14","WR186","448","","617","","","532.5"
"589","Mack Hollins","BUF","12","WR187","470","","480","","","475.0"
"590","David Bell","CLE","10","WR188","","","450","","","450.0"
"591","Isaiah Hodgins","NYG","11","WR189","450","","502","","","476.0"
"592","Dareke Young","SEA","10","WR190","","","452","","","452.0"
"593","Colson Yankoff","WAS","14","TE90","","","453","","","453.0"
"594","Case Keenum","HOU","14","QB87","453","","552","","","502.5"
"595","Laquon Treadwell","IND","14","WR191","454","","","","","454.0"
"596","Peyton Hendershot","DAL","7","TE91","","","454","","","454.0"
"597","Sterling Shepard","TB","11","WR192","480","","475","","","477.5"
"598","Trent Sherfield Sr.","MIN","6","WR193","464","","492","","","478.0"
"599","Tyron Billy-Johnson","DAL","7","WR194","455","","613","","","534.0"
"600","Laviska Shenault Jr.","SEA","10","WR195","456","","506","","","481.0"
"601","Zach Evans","LAR","6","RB141","","","457","","","457.0"
"602","Kenny McIntosh","SEA","10","RB142","","","458","","","458.0"
"603","Chris Rodriguez Jr.","WAS","14","RB143","","","459","","","459.0"
"604","Nick Mullens","MIN","6","QB88","459","","577","","","518.0"
"605","Chris Streveler","","","QB89","460","","","","","460.0"
"606","Owen Wright","BAL","14","RB144","","","460","","","460.0"
"607","Xazavian Valladay","NYJ","12","RB145","461","","871","","","666.0"
"608","Xavier Hutchinson","HOU","14","WR196","462","","856","","","659.0"
"609","E.J. Jenkins","PHI","5","TE92","","","463","","","463.0"
"610","Lucas Krull","DEN","14","TE93","463","","529","","","496.0"
"611","Boston Scott","LAR","6","RB146","474","","491","","","482.5"
"612","Russell Gage","BAL","14","WR197","465","","588","","","526.5"
"613","Kenyan Drake","","","RB147","466","","","","","466.0"
"614","Jaheim Bell","NE","14","TE94","","","467","","","467.0"
"615","DJ Turner","LV","10","WR198","467","","652","","","559.5"
"616","Dee Eskridge","SEA","10","WR199","468","","514","","","491.0"
"617","Derius Davis","LAC","5","WR200","469","","735","","","602.0"
"618","Brandon Bolden","","","RB148","","","471","","","471.0"
"619","D","","'Vonte Price","","","RB149","472","","","","","472.0"
"620","Collin Johnson","CHI","7","WR201","473","","630","","","551.5"
"621","Chris Conley","SF","9","WR202","","","474","","","474.0"
"622","Tyree Jackson","","","TE95","475","","596","","","535.5"
"623","Brandon Allen","SF","9","QB90","","","476","","","476.0"
"624","Isaiah McKenzie","NYG","11","WR203","476","","571","","","523.5"
"625","Casey Washington","ATL","12","WR204","477","","890","","","683.5"
"626","C.J. Beathard","JAC","12","QB91","","","478","","","478.0"
"627","Tre' McKitty","BUF","12","TE96","478","","513","","","495.5"
"628","Patrick Taylor Jr.","SF","9","RB150","481","","505","","","493.0"
"629","A.J. Green","","","WR205","483","","","","","483.0"
"630","Nyheim Hines","CLE","10","RB151","","","484","","","484.0"
"631","Jacob Eason","","","QB92","485","","628","","","556.5"
"632","Davis Mills","HOU","14","QB93","486","","657","","","571.5"
"633","Ben Sims","GB","10","TE97","487","","877","","","682.0"
"634","Cedrick Wilson Jr.","NO","12","WR206","","","488","","","488.0"
"635","Ryan Flournoy","DAL","7","WR207","489","","762","","","625.5"
"636","Tyrion Davis-Price","PHI","5","RB152","490","","701","","","595.5"
"637","Ryan Griffin","","","QB94","491","","","","","491.0"
"638","Matt Ammendola","","","K56","492","","","","","492.0"
"639","Spencer Shrader","IND","14","K57","","","493","","","493.0"
"640","Michael Burton","DEN","14","RB153","493","","562","","","527.5"
"641","Trayveon Williams","CIN","12","RB154","","","494","","","494.0"
"642","Logan Woodside","CIN","12","QB95","494","","587","","","540.5"
"643","Dante Miller","NYG","11","RB155","495","","766","","","630.5"
"644","James Mitchell","DET","5","TE98","496","","519","","","507.5"
"645","Terique Owens","","","WR208","","","498","","","498.0"
"646","Sean Tucker","TB","11","RB156","498","","545","","","521.5"
"647","Jerick McKinnon","","","RB157","499","","","","","499.0"
"648","Devin Duvernay","JAC","12","WR209","","","500","","","500.0"
"649","Tyler Huntley","CLE","10","QB96","","","501","","","501.0"
"650","Harrison Bryant","LV","10","TE99","","","504","","","504.0"
"651","Reggie Gilliam","BUF","12","RB158","","","508","","","508.0"
"652","Nick Westbrook-Ikhine","TEN","5","WR210","","","509","","","509.0"
"653","Lawrence Cager","NYG","11","WR211","","","510","","","510.0"
"654","John Bates","WAS","14","TE100","","","515","","","515.0"
"655","Jack Stoll","NYG","11","TE101","","","516","","","516.0"
"656","John FitzPatrick","ATL","12","TE102","","","517","","","517.0"
"657","Tyler Goodson","IND","14","RB159","","","520","","","520.0"
"658","Bailey Zappe","NE","14","QB97","","","522","","","522.0"
"659","Jeremy Ruckert","NYJ","12","TE103","","","523","","","523.0"
"660","Danny Gray","SF","9","WR212","","","526","","","526.0"
"661","Brandon Johnson","DEN","14","WR213","","","527","","","527.0"
"662","Samson Nacua","NO","12","WR214","","","528","","","528.0"
"663","John Parker Romo","","","K58","","","530","","","530.0"
"664","Ronnie Rivers","LAR","6","RB160","","","531","","","531.0"
"665","Dorian Thompson-Robinson","CLE","10","QB98","","","533","","","533.0"
"666","Cedric Tillman","CLE","10","WR215","","","534","","","534.0"
"667","Josh Whyle","TEN","5","TE104","","","536","","","536.0"
"668","Brenton Strange","JAC","12","TE105","","","537","","","537.0"
"669","Duece Watts","PIT","9","WR216","","","541","","","541.0"
"670","Xavier Gipson","NYJ","12","WR217","","","542","","","542.0"
"671","Princeton Fant","DAL","7","TE106","","","543","","","543.0"
"672","Kazmeir Allen","WAS","14","WR218","","","546","","","546.0"
"673","Jase McClellan","ATL","12","RB161","","","547","","","547.0"
"674","Jamari Thrash","CLE","10","WR219","","","548","","","548.0"
"675","Keilan Robinson","JAC","12","RB162","","","549","","","549.0"
"676","Jude McAtamney","NYG","11","K59","","","553","","","553.0"
"677","Logan Thomas","SF","9","TE107","","","555","","","555.0"
"678","DeVante Parker","","","WR220","","","558","","","558.0"
"679","Jamison Crowder","WAS","14","WR221","","","559","","","559.0"
"680","Phillip Dorsett II","DEN","14","WR222","","","560","","","560.0"
"681","Chris Manhertz","NYG","11","TE108","","","561","","","561.0"
"682","Taylor Heinicke","ATL","12","QB99","","","563","","","563.0"
"683","Chris Moore","ARI","11","WR223","","","564","","","564.0"
"684","Jeff Driskel","WAS","14","QB100","","","565","","","565.0"
"685","Nate Sudfeld","DET","5","QB101","","","566","","","566.0"
"686","Harrison Mevis","","","K60","","","567","","","567.0"
"687","John Ross","PHI","5","WR224","","","569","","","569.0"
"688","Eric Saubert","SF","9","TE109","","","570","","","570.0"
"689","Trent Taylor","SF","9","WR225","","","572","","","572.0"
"690","Tarik Cohen","","","RB163","","","573","","","573.0"
"691","P.J. Walker","SEA","10","QB102","","","575","","","575.0"
"692","Anthony Firkser","NYJ","12","TE110","","","576","","","576.0"
"693","Robert Tonyan","MIN","6","TE111","","","578","","","578.0"
"694","Daurice Fountain","DET","5","WR226","","","579","","","579.0"
"695","Chase Edmonds","TB","11","RB164","","","580","","","580.0"
"696","Godwin Igwebuike","","","RB165","","","582","","","582.0"
"697","Ian Thomas","CAR","11","TE112","","","584","","","584.0"
"698","James Washington","","","WR227","","","585","","","585.0"
"699","David Wells","TB","11","TE113","","","586","","","586.0"
"700","Mike Boone","CAR","11","RB166","","","589","","","589.0"
"701","Keith Kirkwood","BAL","14","WR228","","","590","","","590.0"
"702","KhaDarel Hodge","ATL","12","WR229","","","591","","","591.0"
"703","Malik Turner","SF","9","WR230","","","592","","","592.0"
"704","John Wolford","TB","11","QB103","","","593","","","593.0"
"705","Myles Gaskin","MIN","6","RB167","","","594","","","594.0"
"706","Jason Bean","IND","14","QB104","","","595","","","595.0"
"707","Ahmarean Brown","CLE","10","WR231","","","597","","","597.0"
"708","Stanley Morgan Jr.","NO","12","WR232","","","598","","","598.0"
"709","Baylor Cupp","KC","6","TE114","","","599","","","599.0"
"710","Miles Boykin","NYG","11","WR233","","","600","","","600.0"
"711","Dallin Holker","NO","12","TE115","","","601","","","601.0"
"712","Zach Gentry","LV","10","TE116","","","602","","","602.0"
"713","N'Keal Harry","MIN","6","WR234","","","603","","","603.0"
"714","Brayden Narveson","TEN","5","K61","","","605","","","605.0"
"715","Nathaniel Peat","DAL","7","RB168","","","606","","","606.0"
"716","Brett Rypien","CHI","7","QB105","","","607","","","607.0"
"717","Jalen Guyton","LV","10","WR235","","","611","","","611.0"
"718","Alex Hale","GB","10","K62","","","612","","","612.0"
"719","Isaiah Wooden","LAC","5","WR236","","","614","","","614.0"
"720","Malik Taylor","NYJ","12","WR237","","","615","","","615.0"
"721","Stephen Carlson","CHI","7","TE117","","","616","","","616.0"
"722","D'Ernest Johnson","JAC","12","RB169","","","618","","","618.0"
"723","Derrick Gore","","","RB170","","","620","","","620.0"
"724","Jake Fromm","DET","5","QB106","","","622","","","622.0"
"725","Jacques Patrick","","","RB171","","","623","","","623.0"
"726","Sean McKeon","DET","5","TE118","","","625","","","625.0"
"727","Tyrie Cleveland","IND","14","WR238","","","626","","","626.0"
"728","Josiah Deguara","JAC","12","TE119","","","627","","","627.0"
"729","Tyler Davis","GB","10","TE120","","","629","","","629.0"
"730","James Robinson","NO","12","RB172","","","632","","","632.0"
"731","Easop Winston Jr.","SEA","10","WR239","","","634","","","634.0"
"732","Dan Chisena","ARI","11","WR240","","","635","","","635.0"
"733","Dalton Keene","HOU","14","TE121","","","636","","","636.0"
"734","Denzel Mims","JAC","12","WR241","","","638","","","638.0"
"735","La'Mical Perine","PIT","9","RB173","","","639","","","639.0"
"736","Jonathan Ward","PIT","9","RB174","","","640","","","640.0"
"737","Joshua Kelley","NYG","11","RB175","","","641","","","641.0"
"738","JaMycal Hasty","NE","14","RB176","","","642","","","642.0"
"739","Tyler Mabry","SEA","10","TE122","","","643","","","643.0"
"740","Freddie Swain","","","WR242","","","644","","","644.0"
"741","Ke'Shawn Vaughn","SF","9","RB177","","","645","","","645.0"
"742","Marquez Callaway","","","WR243","","","646","","","646.0"
"743","Kristian Wilkerson","LV","10","WR244","","","647","","","647.0"
"744","Spencer Brown","ATL","12","RB178","","","648","","","648.0"
"745","Tarik Black","","","WR245","","","649","","","649.0"
"746","Deon Jackson","NYJ","12","RB179","","","650","","","650.0"
"747","Tim Jones","JAC","12","WR246","","","651","","","651.0"
"748","Kenny Yeboah","NYJ","12","TE123","","","653","","","653.0"
"749","Mathew Sexton","","","WR247","","","654","","","654.0"
"750","Sammis Reyes","MIN","6","TE124","","","655","","","655.0"
"751","Terrace Marshall Jr.","CAR","11","WR248","","","656","","","656.0"
"752","Sam Ehlinger","IND","14","QB107","","","658","","","658.0"
"753","Cornell Powell","KC","6","WR249","","","659","","","659.0"
"754","Jacob Harris","PHI","5","TE125","","","660","","","660.0"
"755","Ben Skowronek","HOU","14","WR250","","","661","","","661.0"
"756","Hunter Long","LAR","6","TE126","","","662","","","662.0"
"757","Zach Davidson","BUF","12","TE127","","","663","","","663.0"
"758","Ihmir Smith-Marsette","CAR","11","WR251","","","664","","","664.0"
"759","Kawaan Baker","NE","14","WR252","","","665","","","665.0"
"760","Ian Book","KC","6","QB108","","","666","","","666.0"
"761","Kyle Trask","TB","11","QB109","","","667","","","667.0"
"762","Quintin Morris","BUF","12","TE128","","","668","","","668.0"
"763","Adam Prentice","NO","12","RB180","","","669","","","669.0"
"764","Emani Bailey","KC","6","RB181","","","670","","","670.0"
"765","Austin Watkins Jr.","PHI","5","WR253","","","671","","","671.0"
"766","Jaret Patterson","LAC","5","RB182","","","672","","","672.0"
"767","Dylan Leonard","","","TE129","","","673","","","673.0"
"768","Rocky Lombardi","","","QB110","","","674","","","674.0"
"769","Desmond Ridder","ARI","11","QB111","","","675","","","675.0"
"770","Tyler Badie","DEN","14","RB183","","","676","","","676.0"
"771","Charlie Kolar","BAL","14","TE130","","","677","","","677.0"
"772","Thomas Yassmin","DEN","14","TE131","","","679","","","679.0"
"773","Ian Wheeler","CHI","7","RB184","","","680","","","680.0"
"774","Montrell Washington","KC","6","WR254","","","681","","","681.0"
"775","Isaiah Williams","DET","5","WR255","","","683","","","683.0"
"776","Jalon Calhoun","DET","5","WR256","","","684","","","684.0"
"777","Jack Plummer","CAR","11","QB112","","","685","","","685.0"
"778","Dee Williams","SEA","10","WR257","","","686","","","686.0"
"779","Nikola Kalinic","LAR","6","TE132","","","687","","","687.0"
"780","Snoop Conner","DAL","7","RB185","","","689","","","689.0"
"781","John Rhys Plumlee","PIT","9","QB113","","","690","","","690.0"
"782","Brittain Brown","LV","10","RB186","","","691","","","691.0"
"783","Erik Ezukanma","MIA","6","WR258","","","692","","","692.0"
"784","Skylar Thompson","MIA","6","QB114","","","693","","","693.0"
"785","Kyle Sheets","KC","6","WR259","","","694","","","694.0"
"786","Tyquan Thornton","NE","14","WR260","","","696","","","696.0"
"787","Jacob Warren","NE","14","TE133","","","697","","","697.0"
"788","Chris Oladokun","KC","6","QB115","","","698","","","698.0"
"789","Zander Horvath","MIA","6","RB187","","","699","","","699.0"
"790","Isaiah Spiller","LAC","5","RB188","","","700","","","700.0"
"791","Trey Knox","MIN","6","TE134","","","702","","","702.0"
"792","Ramon Jefferson","TB","11","RB189","","","703","","","703.0"
"793","Kyric McGowan","MIA","6","WR261","","","705","","","705.0"
"794","Austin Jones","WAS","14","RB190","","","706","","","706.0"
"795","Tyreik McAllister","LV","10","RB191","","","707","","","707.0"
"796","Julius Chestnut","TEN","5","RB192","","","708","","","708.0"
"797","Troy Hairston II","HOU","14","RB193","","","709","","","709.0"
"798","Cody Schrader","SF","9","RB194","","","710","","","710.0"
"799","Kedon Slovis","IND","14","QB116","","","711","","","711.0"
"800","Kobe Lewis","SEA","10","RB195","","","712","","","712.0"
"801","Braylon Sanders","MIA","6","WR262","","","713","","","713.0"
"802","Tay Martin","SF","9","WR263","","","715","","","715.0"
"803","Deven Thompkins","","","WR264","","","716","","","716.0"
"804","Rodney Williams","PIT","9","TE135","","","718","","","718.0"
"805","Raheem Blackshear","CAR","11","RB196","","","719","","","719.0"
"806","Daylen Baldwin","ARI","11","WR265","","","720","","","720.0"
"807","Josh Ali","ATL","12","WR266","","","722","","","722.0"
"808","Justin Shorter","BUF","12","WR267","","","723","","","723.0"
"809","Antoine Green","","","WR268","","","725","","","725.0"
"810","Lew Nichols III","PHI","5","RB197","","","726","","","726.0"
"811","Evan Hull","IND","14","RB198","","","727","","","727.0"
"812","Xavier Smith","LAR","6","WR269","","","729","","","729.0"
"813","Kayshon Boutte","NE","14","WR270","","","731","","","731.0"
"814","Zack Kuntz","NYJ","12","TE136","","","732","","","732.0"
"815","Tanner McKee","PHI","5","QB117","","","733","","","733.0"
"816","Clayton Tune","ARI","11","QB118","","","734","","","734.0"
"817","Brayden Willis","SF","9","TE137","","","736","","","736.0"
"818","Payne Durham","TB","11","TE138","","","737","","","737.0"
"819","Travis Vokolek","ARI","11","TE139","","","738","","","738.0"
"820","Jason Brownlee","NYJ","12","WR271","","","740","","","740.0"
"821","Brady Russell","SEA","10","TE140","","","741","","","741.0"
"822","Nikko Remigio","KC","6","WR272","","","742","","","742.0"
"823","Jordan Mims","NO","12","RB199","","","743","","","743.0"
"824","Shedrick Jackson","CIN","12","WR273","","","744","","","744.0"
"825","Hassan Hall","ARI","11","RB200","","","745","","","745.0"
"826","George Holani","SEA","10","RB201","","","746","","","746.0"
"827","John Stephens Jr.","DAL","7","WR274","","","747","","","747.0"
"828","Nate Adkins","DEN","14","TE141","","","748","","","748.0"
"829","Adrian Martinez","NYJ","12","QB119","","","749","","","749.0"
"830","Jack Podlesny","","","K63","","","750","","","750.0"
"831","Malik Cunningham","BAL","14","QB120","","","751","","","751.0"
"832","Jack Colletto","PIT","9","RB202","","","752","","","752.0"
"833","Griffin Hebert","PHI","5","TE142","","","753","","","753.0"
"834","Tre'Shaun Harrison","TEN","5","WR275","","","754","","","754.0"
"835","Jacob Copeland","PIT","9","WR276","","","755","","","755.0"
"836","Elijah Dotson","LAC","5","RB203","","","756","","","756.0"
"837","Rakim Jarrett","TB","11","WR277","","","757","","","757.0"
"838","Ellis Merriweather","GB","10","RB204","","","758","","","758.0"
"839","Jordan Murray","IND","14","TE143","","","759","","","759.0"
"840","Joel Wilson","GB","10","TE144","","","760","","","760.0"
"841","Tanner McLachlan","CIN","12","TE145","","","761","","","761.0"
"842","Michael Pratt","GB","10","QB121","","","764","","","764.0"
"843","Jawhar Jordan","HOU","14","RB205","","","765","","","765.0"
"844","Isaiah Davis","NYJ","12","RB206","","","767","","","767.0"
"845","Tip Reiman","ARI","11","TE146","","","769","","","769.0"
"846","Devin Culp","TB","11","TE147","","","771","","","771.0"
"847","Chris Collier","BAL","14","RB207","","","772","","","772.0"
"848","Jarveon Howard","GB","10","RB208","","","773","","","773.0"
"849","Dayton Wade","BAL","14","WR278","","","774","","","774.0"
"850","Jordan Matthews","CAR","11","WR279","","","775","","","775.0"
"851","Nick Vannett","TEN","5","TE148","","","778","","","778.0"
"852","Jeremy McNichols","WAS","14","RB209","","","779","","","779.0"
"853","Nathan Peterman","LV","10","QB122","","","780","","","780.0"
"854","John Kelly Jr.","BAL","14","RB210","","","781","","","781.0"
"855","Anthony Miller","BAL","14","WR280","","","782","","","782.0"
"856","Jordan Thomas","ATL","12","TE149","","","785","","","785.0"
"857","Deontay Burnett","DAL","7","WR281","","","786","","","786.0"
"858","Cam Sims","","","WR282","","","787","","","787.0"
"859","Luis Perez","LAC","5","QB123","","","788","","","788.0"
"860","Alex McGough","","","QB124","","","789","","","789.0"
"861","Tim Boyle","HOU","14","QB125","","","790","","","790.0"
"862","David Sills","DEN","14","WR283","","","792","","","792.0"
"863","Tommy Sweeney","CHI","7","TE150","","","793","","","793.0"
"864","Jeff Smith","","","WR284","","","794","","","794.0"
"865","Matt Sokol","PIT","9","TE151","","","795","","","795.0"
"866","Davion Davis","WAS","14","WR285","","","796","","","796.0"
"867","Steven Sims Jr.","HOU","14","WR286","","","797","","","797.0"
"868","Austin Walter","","","RB211","","","798","","","798.0"
"869","Parker Hesse","DET","5","TE152","","","799","","","799.0"
"870","Alex Bachman","LV","10","WR287","","","800","","","800.0"
"871","Nsimba Webster","CHI","7","WR288","","","801","","","801.0"
"872","Scotty Washington","","","WR289","","","803","","","803.0"
"873","Mitchell Wilcox","NE","14","TE153","","","804","","","804.0"
"874","Darrynton Evans","BUF","12","RB212","","","806","","","806.0"
"875","Andre Baccellia","ARI","11","WR290","","","807","","","807.0"
"876","Tony Jones Jr.","ARI","11","RB213","","","808","","","808.0"
"877","Austin Mack","","","WR291","","","809","","","809.0"
"878","Jalen Reagor","NE","14","WR292","","","810","","","810.0"
"879","Noah Togiai","","","TE154","","","811","","","811.0"
"880","Charlie Woerner","ATL","12","TE155","","","813","","","813.0"
"881","Tommy Hudson","NO","12","TE156","","","814","","","814.0"
"882","Mason Kinsey","TEN","5","WR293","","","815","","","815.0"
"883","Chris Blair","ATL","12","WR294","","","816","","","816.0"
"884","Mike Strachan","CAR","11","WR295","","","817","","","817.0"
"885","Avery Williams","ATL","12","RB214","","","818","","","818.0"
"886","Ben Mason","","","RB215","","","819","","","819.0"
"887","Shi Smith","","","WR296","","","820","","","820.0"
"888","Demetric Felton Jr.","IND","14","RB216","","","821","","","821.0"
"889","Simi Fehoko","LAC","5","WR297","","","822","","","822.0"
"890","Seth Williams","JAC","12","WR298","","","823","","","823.0"
"891","Racey McMath","DAL","7","WR299","","","824","","","824.0"
"892","Jalen Camp","","","WR300","","","825","","","825.0"
"893","Luke Farrell","JAC","12","TE157","","","826","","","826.0"
"894","Gerrid Doaks","","","RB217","","","827","","","827.0"
"895","Gary Brightwell","JAC","12","RB218","","","829","","","829.0"
"896","Hunter Kampmoyer","DEN","14","TE158","","","830","","","830.0"
"897","Jaelon Darden","CLE","10","WR301","","","831","","","831.0"
"898","Feleipe Franks","CAR","11","QB126","","","832","","","832.0"
"899","Austin Trammell","JAC","12","WR302","","","833","","","833.0"
"900","Brandon Smith","NYJ","12","WR303","","","834","","","834.0"
"901","Sage Surratt","ARI","11","WR304","","","835","","","835.0"
"902","Miller Forristall","LAR","6","TE159","","","836","","","836.0"
"903","Shane Buechele","BUF","12","QB127","","","837","","","837.0"
"904","Bernhard Seikovits","ARI","11","TE160","","","838","","","838.0"
"905","Ricky Person Jr.","","","RB219","","","839","","","839.0"
"906","Kwamie Lassiter","II","","WR305","","","841","","","841.0"
"907","Kendric Pryor","CIN","12","WR306","","","842","","","842.0"
"908","Zaire Mitchell-Paden","CLE","10","TE161","","","843","","","843.0"
"909","Aaron Shampklin","PIT","9","RB220","","","844","","","844.0"
"910","Kaden Davis","DET","5","WR307","","","845","","","845.0"
"911","Thomas Odukoya","TEN","5","TE162","","","847","","","847.0"
"912","Johnny Johnson III","HOU","14","WR308","","","848","","","848.0"
"913","Kevin Austin Jr.","NO","12","WR309","","","850","","","850.0"
"914","Gerrit Prince","","","TE163","","","851","","","851.0"
"915","Chris Pierce Jr.","","","TE164","","","852","","","852.0"
"916","Stone Smartt","LAC","5","TE165","","","853","","","853.0"
"917","Grant DuBose","GB","10","WR310","","","854","","","854.0"
"918","Colton Dowell","TEN","5","WR311","","","855","","","855.0"
"919","Dresser Winn","LAR","6","QB128","","","857","","","857.0"
"920","Jake Haener","NO","12","QB129","","","858","","","858.0"
"921","Sean Ryan","BAL","14","WR312","","","860","","","860.0"
"922","Robert Burns","ATL","12","RB221","","","861","","","861.0"
"923","Thyrick Pitts","","","WR313","","","862","","","862.0"
"924","Bryce Ford-Wheaton","NYG","11","WR314","","","863","","","863.0"
"925","T.J. Luther","PIT","9","WR315","","","864","","","864.0"
"926","Joseph Ngata","PHI","5","WR316","","","865","","","865.0"
"927","Carlos Washington Jr.","ATL","12","RB222","","","866","","","866.0"
"928","Jalen Wayne","GB","10","WR317","","","867","","","867.0"
"929","Jalen Cropper","DAL","7","WR318","","","868","","","868.0"
"930","Hunter Luepke","DAL","7","RB223","","","869","","","869.0"
"931","Chase Cota","NYG","11","WR319","","","870","","","870.0"
"932","Jared Wayne","","","WR320","","","872","","","872.0"
"933","Elijah Cooks","JAC","12","WR321","","","873","","","873.0"
"934","Jaray Jenkins","PIT","9","WR322","","","874","","","874.0"
"935","Blake Whiteheart","ARI","11","TE166","","","875","","","875.0"
"936","Daewood Davis","","","WR323","","","876","","","876.0"
"937","Thayer Thomas","MIN","6","WR324","","","878","","","878.0"
"938","Malik Knowles","MIN","6","WR325","","","879","","","879.0"
"939","Cephus Johnson III","TB","11","WR326","","","880","","","880.0"
"940","Shaquan Davis","NO","12","WR327","","","881","","","881.0"
"941","Isaiah Winstead","NYJ","12","WR328","","","882","","","882.0"
"942","Matt Landers","NE","14","WR329","","","883","","","883.0"
"943","Tyrell Shavers","BUF","12","WR330","","","884","","","884.0"
"944","Bryan Thompson","","","WR331","","","885","","","885.0"
"945","Kearis Jackson","TEN","5","WR332","","","886","","","886.0"
"946","Izaiah Gathings","","","TE167","","","887","","","887.0"
"947","Terrell Bynum","LV","10","WR333","","","888","","","888.0"
"948","Mitchell Tinsley","WAS","14","WR334","","","889","","","889.0"
"949","Devin Leary","BAL","14","QB130","","","891","","","891.0"
"950","Erick All Jr.","CIN","12","TE168","","","892","","","892.0"
"951","Anthony Gould","IND","14","WR335","","","895","","","895.0"
"952","Patrick Murtagh","JAC","12","TE169","","","896","","","896.0"
"953","Bub Means","NO","12","WR336","","","897","","","897.0"
"954","Tejhaun Palmer","ARI","11","WR337","","","898","","","898.0"
"955","Cornelius Johnson","LAC","5","WR338","","","899","","","899.0"
"956","DeAngelo Hardy","","","WR339","","","900","","","900.0"
""
""